user_200	AA3i3hb;;BBMB5u5	BBUbdJN;;AAsQvKB	BBUkAzR;BBVJL7v
user_201	AA3i3hb;;AAAMfsk	BBUbdJN;;AAATqB7	BBUkAzR;AABbD1C
user_202	AA3i3hb;;BBNwUmh	BBUbdJN;;BBGKNlv	BBUkAzR;AAx0Vlx
user_203	AA3i3hb;;AAxXuir	BBUbdJN;;BBIzno8	BBUkAzR;AABJILs
user_204	AA3i3hb;;BBLHZ7H	BBUbdJN;;AA3a5Ia	BBUkAzR;AAARviJ
user_205	AA3i3hb;;BBLCOcI	BBUbdJN;;BBMe8DV	BBUkAzR;BBLHWzM
user_206	AA3i3hb;;AAAZi8t	BBUbdJN;;BBNkt7C	BBUkAzR;AA2guvq
user_207	AA3i3hb;;BBUgFWE	BBUbdJN;;BBN9xcZ	BBUkAzR;BBV4YU5
user_208	AA3i3hb;;AAAsIkq	BBUbdJN;;AAzgHgu	BBUkAzR;BBVR0K0
user_209	AA3i3hb;;AAyAKTH	BBUbdJN;;BBMVhJ9	BBUkAzR;BBVMCOX
user_210	AA3i3hb;;BBLRPbG	BBUbdJN;;BBJTQ6I	BBUkAzR;AAARpcX
user_211	AA3i3hb;;AAAZ3SN	BBUbdJN;;AAAZ3SN	BBUkAzR;AA3gpLN
user_212	AA3i3hb;;AABAsBx	BBUbdJN;;BBL2uNw	BBUkAzR;BBKPLyt
user_213	AA3i3hb;;AAATk1K	BBUbdJN;;AA8lMqC	BBUkAzR;AA85LCJ
user_214	AA3i3hb;;AAA7oHF	BBUbdJN;;AA8lMqC	BBUkAzR;BBUg9Do
user_215	AA3i3hb;;BBLCOcI	BBUbdJN;;AAA2FeL	BBUkAzR;AABGZJn
user_216	AA3i3hb;;AAAZfdV	BBUbdJN;;AAsevdg	BBUkAzR;AAApGWa
user_217	AA3i3hb;;BBVjtjw	BBUbdJN;;AAAKeCb	BBUkAzR;BBLAntn
user_218	AA3i3hb;;AAAR7gM	BBUbdJN;;BBL6AZc	BBUkAzR;AAxXoXX
user_219	AA3i3hb;;BBVSjd1	BBUbdJN;;AAANCDc	BBUkAzR;BBHriZh
user_220	AA3i3hb;;AA3gf2C	BBUbdJN;;AAB2iuR	BBUkAzR;AAyAKTH
user_221	AA3i3hb;;BBL9Ih9	BBUbdJN;;AA4VBvU	BBUkAzR;AAxXuir
user_222	AA3i3hb;;BBV71BM	BBUbdJN;;BBMvpSD	BBUkAzR;BBMVoOL
user_223	AA3i3hb;;BBJI1dB	BBUbdJN;;BBFXt5V	BBUkAzR;BBMzs4Z
user_224	AA3i3hb;;AAAROdV	BBUbdJN;;AA8lMqC	BBUkAzR;BBVF8u8
user_225	AA3i3hb;;BBUkAzR	BBUbdJN;;AAAMdk8	BBUkAzR;BBGKNlv
user_226	AA3i3hb;;BBJiVaa	BBUbdJN;;AAxnVFg	BBUkAzR;AAvXr8T
user_227	AA3i3hb;;AAsXRjK	BBUbdJN;;BBNWiNe	BBUkAzR;AAAOIxS
user_228	AA3i3hb;;BBDv9IT	BBUbdJN;;AABE6ab	BBUkAzR;BBLjMHu
user_229	AA3i3hb;;BBUkAzR	BBUbdJN;;AAAMySP	BBUkAzR;AAuu5er
user_230	AA3i3hb;;BB1009hG	BBUbdJN;;AAAGO2m	BBUkAzR;BBMJwbb
user_231	AA3i3hb;;AABE6ab	BBUbdJN;;AAuOQ0L	BBUkAzR;AAxXAye
user_232	AA3i3hb;;AAB9dcY	BBUbdJN;;BBV1Evc	BBUkAzR;BB100N6g
user_233	AA3i3hb;;BBVMCOX	BBUbdJN;;BBGim3y	BBUkAzR;AAyADnD
user_234	AA3i3hb;;AAyN37H	BBUbdJN;;BBJI1dB	BBUkAzR;AAyzOlr
user_235	AA3i3hb;;BBLsRAt	BBUbdJN;;BBKyR1L	BBUkAzR;AArWO54
user_236	AA3i3hb;;AAyADni	BBUbdJN;;BBKZ16M	BBUkAzR;BBUgFWE
user_237	AA3i3hb;;BBLnEkX	BBUbdJN;;BBMbXWT	BBUkAzR;BBH9KRa
user_238	AA3i3hb;;AAweMwJ	BBUbdJN;;AAvrWds	BBUkAzR;BBVXRjR
user_239	AA3i3hb;;BB100FCF	BBUbdJN;;AAvKr4V	BBUkAzR;AAAO4pd
user_240	AA3i3hb;;BBFncaK	BBUbdJN;;AAADukn	BBUkAzR;BBMFQdT
user_241	AA3i3hb;;AAB5HVc	BBUbdJN;;BBMiarN	BBUkAzR;BBND51v
user_242	AA3i3hb;;AA85LCJ	BBUbdJN;;BBVAcD5	BBUkAzR;BBJdoAY
user_243	AA3i3hb;;BBOtp3v	BBUbdJN;;BBMRGoj	BBUkAzR;AArWDxX
user_244	AA3i3hb;;AAAO4pd	BBUbdJN;;BBLHEz5	BBUkAzR;BBNZaKA
user_245	AA3i3hb;;BBM4c2a	BBUbdJN;;BBND51v	BBUkAzR;AABDHTv
user_246	AA3i3hb;;BBMVhJ9	BBUbdJN;;AAsevdg	BBUkAzR;BBLT5vU
user_247	AA3i3hb;;AAyAPVN	BBUbdJN;;BBHriZh	BBUkAzR;AAtEqjb
user_248	AA3i3hb;;BBLLcb7	BBUbdJN;;AAylz6W	BBUkAzR;BBVT81D
user_249	AA3i3hb;;BBVSf5i	BBUbdJN;;AAANign	BBUkAzR;BBLCOcI
user_250	AA3i3hb;;AAB9dcY	BBUbdJN;;AAAM6VA	BBUkAzR;BBV6cLI
user_251	AA3i3hb;;BBJlkaq	BBUbdJN;;AAwEPYW	BBUkAzR;BBMZWbw
user_252	AA3i3hb;;BBUYaFK	BBUbdJN;;BBVAcD5	BBUkAzR;BBUoXbO
user_253	AA3i3hb;;BBVCYjd	BBUbdJN;;BBLIQ0T	BBUkAzR;BBLHWzM
user_254	AA3i3hb;;AAy7GfC	BBUbdJN;;AAwfVUE	BBUkAzR;BBMoFtL
user_255	AA3i3hb;;AAAO4pd	BBUbdJN;;BBOoDSm	BBUkAzR;BBV1ppM
user_256	AA3i3hb;;AAqJUn9	BBUbdJN;;AABGZJn	BBUkAzR;AABDHTv
user_257	AA3i3hb;;AAANCDc	BBUbdJN;;AAwA9lA	BBUkAzR;BBVR0K0
user_258	AA3i3hb;;BBNaIrb	BBUbdJN;;BBN0AuL	BBUkAzR;BBNaIrb
user_259	AA3i3hb;;BBF3RTF	BBUbdJN;;AAB2EcG	BBUkAzR;BBKRX2H
user_260	AA3i3hb;;AA2ISfW	BBUbdJN;;BBJlkaq	BBUkAzR;AABYiwg
user_261	AA3i3hb;;BBVFacd	BBUbdJN;;BBNYnWJ	BBUkAzR;AAAFGsN
user_262	AA3i3hb;;AAyeTVF	BBUbdJN;;BBL6AZc	BBUkAzR;AAAsIkq
user_263	AA3i3hb;;BBIzno8	BBUbdJN;;BBLCOcI	BBUkAzR;AAAZ5xA
user_264	AA3i3hb;;BBLCOcI	BBUbdJN;;AAtnEW6	BBUkAzR;BBUgeaU
user_265	AA3i3hb;;BBEY0sP	BBUbdJN;;BBUgFWE	BBUkAzR;BBNWiNe
user_266	AA3i3hb;;AAylz6W	BBUbdJN;;AABDHTv	BBUkAzR;AA3fApc
user_267	AA3i3hb;;BBFncaK	BBUbdJN;;BBNFjp8	BBUkAzR;AA3bhGW
user_268	AA3i3hb;;BBLCOcI	BBUbdJN;;AAADukn	BBUkAzR;AAqJUn9
user_269	AA3i3hb;;BBL6W4H	BBUbdJN;;BBV1Evc	BBUkAzR;AAARGsX
user_270	AA3i3hb;;BBEWBXY	BBUbdJN;;AAB1Mio	BBUkAzR;BBLF0Gc
user_271	AA3i3hb;;BBLRPbG	BBUbdJN;;BBNwUmh	BBUkAzR;BBLIVQb
user_272	AA3i3hb;;AAAsIkq	BBUbdJN;;BBOtyok	BBUkAzR;BBVFacd
user_273	AA3i3hb;;AAAZi8t	BBUbdJN;;BBNYBjr	BBUkAzR;AAAgGcl
user_274	AA3i3hb;;AAAgGcl	BBUbdJN;;AAsurj6	BBUkAzR;AA9npVj
user_275	AA3i3hb;;BBMi5bl	BBUbdJN;;BBL6AZc	BBUkAzR;AAxXrqD
user_276	AA3i3hb;;BBVXRjR	BBUbdJN;;AA2gs73	BBUkAzR;AAAcG3S
user_277	AA3i3hb;;BBGk7uy	BBUbdJN;;AAAO4pd	BBUkAzR;BBMZWbw
user_278	AA3i3hb;;BBKStQc	BBUbdJN;;AA9npVj	BBUkAzR;BBUcPfJ
user_279	AA3i3hb;;AAyAS4w	BBUbdJN;;BBN7eiN	BBUkAzR;AAATGy9
user_280	AA3i3hb;;BBLAgxA	BBUbdJN;;AArWDxX	BBUkAzR;BBUojmR
user_281	AA3i3hb;;BBVSjds	BBUbdJN;;BBMiarN	BBUkAzR;AA5bw9B
user_282	AA3i3hb;;AA3gfvH	BBUbdJN;;AAB3hqW	BBUkAzR;BBMB5u5
user_283	AA3i3hb;;BBLsyWp	BBUbdJN;;AAATqB7	BBUkAzR;AAADQlB
user_284	AA3i3hb;;BBV1Nzg	BBUbdJN;;AAwTTtM	BBUkAzR;BBVHk6z
user_285	AA3i3hb;;AAtnEW6	BBUbdJN;;BBLuDsT	BBUkAzR;AAAOrHc
user_286	AA3i3hb;;AAANCDc	BBUbdJN;;BBVNKNc	BBUkAzR;AA3hFc6
user_287	AA3i3hb;;AA2ISfW	BBUbdJN;;BBV2YJR	BBUkAzR;BBMFvW0
user_288	AA3i3hb;;AAxl48x	BBUbdJN;;AAqkbhx	BBUkAzR;BBV3BKC
user_289	AA3i3hb;;AABG8UE	BBUbdJN;;BBJdoAY	BBUkAzR;BBLIVQb
user_290	AA3i3hb;;AAAZdwT	BBUbdJN;;AAxXAye	BBUkAzR;AAylz6W
user_291	AA3i3hb;;BBVQVOk	BBUbdJN;;BBUq5wh	BBUkAzR;BBMFQdT
user_292	AA3i3hb;;BBUg5Or	BBUbdJN;;AAB2iuR	BBUkAzR;BBOsyuJ
user_293	AA3i3hb;;AAuJwxQ	BBUbdJN;;BBMAcho	BBUkAzR;BBLwB05
user_294	AA3i3hb;;BBJiVaa	BBUbdJN;;BBMA2Cr	BBUkAzR;AAwr9Xz
user_295	AA3i3hb;;AAxZgFU	BBUbdJN;;AAAGO2m	BBUkAzR;BBUjjnP
user_296	AA3i3hb;;BBUasXo	BBUbdJN;;BBMXMHI	BBUkAzR;BBVNc5r
user_297	AA3i3hb;;AAyAPVN	BBUbdJN;;AAAOsM0	BBUkAzR;BBM4c2a
user_298	AA3i3hb;;AAvKoOa	BBUbdJN;;AAB3hqW	BBUkAzR;BBLiEQ4
user_299	AA3i3hb;;AAAgDqT	BBUbdJN;;BBKrukC	BBUkAzR;BBV1ppM
user_300	AA3i3hb;;AA3gfvH	BBUbdJN;;BBKvmih	BBUkAzR;BBMhA5P
user_301	AA3i3hb;;AAAREgH	BBUbdJN;;AAyADoH	BBUkAzR;AA3gpLN
user_302	AA3i3hb;;BBMJwbb	BBUbdJN;;AAu2Zc2	BBUkAzR;BBVSktv
user_303	AA3i3hb;;AA3fe19	BBUbdJN;;AAARmnD	BBUkAzR;AAA2FeL
user_304	AA3i3hb;;BBH6ntg	BBUbdJN;;AAvL9ds	BBUkAzR;BBV4fIV
user_305	AA3i3hb;;BBOthIn	BBUbdJN;;AAwUqse	BBUkAzR;BBOsyuJ
user_306	AA3i3hb;;BBVQVOk	BBUbdJN;;AAB2u3I	BBUkAzR;BBLkc0L
user_307	AA3i3hb;;BBV1Evc	BBUbdJN;;AAAO4pd	BBUkAzR;AAy2kZX
user_308	AA3i3hb;;BBND51v	BBUbdJN;;BBV4YU5	BBUkAzR;AA5bw9B
user_309	AA3i3hb;;BBL9Ih9	BBUbdJN;;BBH6ntg	BBUkAzR;AABE6ab
user_310	AA3i3hb;;AAyy9gw	BBUbdJN;;AA3fApc	BBUkAzR;AAB1Mio
user_311	AA3i3hb;;AAB25cr	BBUbdJN;;AAAR7gM	BBUkAzR;BBFncaK
user_312	AA3i3hb;;AAANCDc	BBUbdJN;;AAARaTv	BBUkAzR;AAv7lDX
user_313	AA3i3hb;;AAAT4SG	BBUbdJN;;BBMCoHF	BBUkAzR;AAwfVUE
user_314	AA3i3hb;;AA2qznx	BBUbdJN;;BBNRGhy	BBUkAzR;BBM4c2a
user_315	AA3i3hb;;AAsmnqz	BBUbdJN;;BBGKNlv	BBUkAzR;BBLsRAt
user_316	AA3i3hb;;BBMXMHI	BBUbdJN;;BBL6vWz	BBUkAzR;BBNT7UF
user_317	AA3i3hb;;AAACETv	BBUbdJN;;BBN9xcZ	BBUkAzR;AAANign
user_318	AA3i3hb;;AAtEqjb	BBUbdJN;;BBN0NAK	BBUkAzR;BBL2uNw
user_319	AA3i3hb;;BBLjMHu	BBUbdJN;;AAB2EcG	BBUkAzR;AAAvJEv
user_320	AA3i3hb;;AAAeUHj	BBUbdJN;;BBMCoHF	BBUkAzR;BBVlo2w
user_321	AA3i3hb;;BBL5ktS	BBUbdJN;;BBORW98	BBUkAzR;AAuGRQP
user_322	AA3i3hb;;BBLIQ0T	BBUbdJN;;BB100Bx9	BBUkAzR;BBV4YU5
user_323	AA3i3hb;;BBMdSnO	BBUbdJN;;BBVSjds	BBUkAzR;AAwrGv8
user_324	AA3i3hb;;AAATk1K	BBUbdJN;;BBJVL0J	BBUkAzR;BBHwetM
user_325	AA3i3hb;;BBMi5ey	BBUbdJN;;BBVEVeo	BBUkAzR;AABbD1C
user_326	AA3i3hb;;BBND51v	BBUbdJN;;BBMKfHB	BBUkAzR;BBVSjds
user_327	AA3i3hb;;AAAeUHj	BBUbdJN;;BBUYaFK	BBUkAzR;BBLRPbG
user_328	AA3i3hb;;BBMHokT	BBUbdJN;;AAAFdFZ	BBUkAzR;AAAvJEv
user_329	AA3i3hb;;AAwAhvm	BBUbdJN;;BB100FCF	BBUkAzR;BBVXK7i
user_330	AA3i3hb;;AA3fApc	BBUbdJN;;AAqkbhx	BBUkAzR;AABDHTv
user_331	AA3i3hb;;AAxXp14	BBUbdJN;;BBNaIrb	BBUkAzR;AA2qznx
user_332	AA3i3hb;;BB100IjZ	BBUbdJN;;BBVSjd1	BBUkAzR;AAAT4SG
user_333	AA3i3hb;;BBKRX2H	BBUbdJN;;BBHriZh	BBUkAzR;BBVjtjw
user_334	AA3i3hb;;BBMVhJ9	BBUbdJN;;AAqJUn9	BBUkAzR;BBL5ktS
user_335	AA3i3hb;;BBGim3y	BBUbdJN;;AAB2j3e	BBUkAzR;AAAtcpS
user_336	AA3i3hb;;BBV2YJR	BBUbdJN;;BBIq49J	BBUkAzR;AAAM6VA
user_337	AA3i3hb;;AA2eTBe	BBUbdJN;;BBV5WXI	BBUkAzR;BBKStQc
user_338	AA3i3hb;;AAxqWo3	BBUbdJN;;BB100FCF	BBUkAzR;BBV1ppM
user_339	AA3i3hb;;AABYiwg	BBUbdJN;;BBMvpSD	BBUkAzR;BBMoFtL
user_340	AA3i3hb;;BBNcqER	BBUbdJN;;BBVHk6z	BBUkAzR;BBVYlgd
user_341	AA3i3hb;;BBUasXo	BBUbdJN;;BBUtASG	BBUkAzR;AAAdAn8
user_342	AA3i3hb;;AAvfxhN	BBUbdJN;;BBFncaK	BBUkAzR;BBMA2Cr
user_343	AA3i3hb;;AAwfVUE	BBUbdJN;;AAAM6Jx	BBUkAzR;AAAM6Jx
user_344	AA3i3hb;;AABJILs	BBUbdJN;;AAuP7ue	BBUkAzR;AAzW6h1
user_345	AA3i3hb;;AAxXAWa	BBUbdJN;;AAxqWo3	BBUkAzR;AAAZfdV
user_346	AA3i3hb;;BBMHYHC	BBUbdJN;;AArWDxX	BBUkAzR;AABHWVu
user_347	AA3i3hb;;AABAsBx	BBUbdJN;;BBMEtDi	BBUkAzR;AAy7GfC
user_348	AA3i3hb;;BB100PnO	BBUbdJN;;BBVFn5b	BBUkAzR;BBNaIrb
user_349	AA3i3hb;;BBV71BM	BBUbdJN;;AAACETv	BBUkAzR;BBUxor2
user_350	AA3i3hb;;AAuu5er	BBUbdJN;;AAx0Vlx	BBUkAzR;BBMXL6V
user_351	AA3i3hb;;AA4VInT	BBUbdJN;;BBVR0K0	BBUkAzR;BBNhGI1
user_352	AA3i3hb;;AAtVp0r	BBUbdJN;;BBMWWXk	BBUkAzR;BBVNc5r
user_353	AA3i3hb;;BBIdbe0	BBUbdJN;;BBUYaFK	BBUkAzR;AAAREgH
user_354	AA3i3hb;;AAvfxhN	BBUbdJN;;BBMFQdT	BBUkAzR;AAATRJv
user_355	AA3i3hb;;BBLIVQb	BBUbdJN;;BBVlo2w	BBUkAzR;BBLwB05
user_356	AA3i3hb;;AAxXp14	BBUbdJN;;BBL6QWY	BBUkAzR;AABRuxD
user_357	AA3i3hb;;AAATk1K	BBUbdJN;;BBUpBMa	BBUkAzR;BBMTKyQ
user_358	AA3i3hb;;AAyy9gw	BBUbdJN;;BBF3RTF	BBUkAzR;AAsgkkY
user_359	AA3i3hb;;AAwUqse	BBUbdJN;;AABW7Z7	BBUkAzR;BBIdY6V
user_360	AA3i3hb;;BBMHYHC	BBUbdJN;;AAvfI8G	BBUkAzR;AAxnVFg
user_361	AA3i3hb;;BBLwB05	BBUbdJN;;BBMFPNi	BBUkAzR;BBUxor2
user_362	AA3i3hb;;AAAogC5	BBUbdJN;;AArwsEO	BBUkAzR;BBVCYjd
user_363	AA3i3hb;;AAqJUn9	BBUbdJN;;BBORW98	BBUkAzR;AAwUqse
user_364	AA3i3hb;;AAAM6Jx	BBUbdJN;;BBNYBjr	BBUkAzR;BBVQfhU
user_365	AA3i3hb;;BBVNEMA	BBUbdJN;;AAAREgH	BBUkAzR;BBLF0Gc
user_366	AA3i3hb;;AAB5RFI	BBUbdJN;;AAAcG3S	BBUkAzR;AAARyVb
user_367	AA3i3hb;;BBFncaK	BBUbdJN;;AABGTFJ	BBUkAzR;BBVFn5b
user_368	AA3i3hb;;AABQDiu	BBUbdJN;;BBMwCS8	BBUkAzR;BBGKNlv
user_369	AA3i3hb;;AAvKkO1	BBUbdJN;;AAAOBDP	BBUkAzR;AA4Tc3G
user_370	AA3i3hb;;AAuu5er	BBUbdJN;;BBMXMHI	BBUkAzR;BBNc2I7
user_371	AA3i3hb;;AAATqB7	BBUbdJN;;BBMiarN	BBUkAzR;AAANCDc
user_372	AA3i3hb;;AAAOBDP	BBUbdJN;;BBL6QWY	BBUkAzR;BBMdSnO
user_373	AA3i3hb;;BBEWBXY	BBUbdJN;;AAARJJ2	BBUkAzR;BBFpq8n
user_374	AA3i3hb;;AAu2Zc2	BBUbdJN;;AAAdAn8	BBUkAzR;AAAR7gM
user_375	AA3i3hb;;AAtEqjb	BBUbdJN;;AAxXAWa	BBUkAzR;AAATk1K
user_376	AA3i3hb;;BBV4elZ	BBUbdJN;;BBIdbe0	BBUkAzR;AAARwH5
user_377	AA3i3hb;;AABYiwg	BBUbdJN;;BBND51v	BBUkAzR;BBL6AZc
user_378	AA3i3hb;;BBH6ntg	BBUbdJN;;BBVlo2w	BBUkAzR;BBLkdd0
user_379	AA3i3hb;;AAsesZq	BBUbdJN;;AAATRJv	BBUkAzR;AAAROdV
user_380	AA3i3hb;;AAB5HVc	BBUbdJN;;BBGgFfH	BBUkAzR;BBVM55R
user_381	AA3i3hb;;AAuJwxQ	BBUbdJN;;BBKJtyu	BBUkAzR;AAANCDc
user_382	AA3i3hb;;BBNT7UF	BBUbdJN;;AAxL9NH	BBUkAzR;BBMHYHC
user_383	AA3i3hb;;BBUrbKT	BBUbdJN;;AAqJUn9	BBUkAzR;AAATGy9
user_384	AA3i3hb;;BBLSQ3o	BBUbdJN;;AAA7oHF	BBUkAzR;AAANCDc
user_385	AA3i3hb;;BBKyR1L	BBUbdJN;;BBGMYEq	BBUkAzR;BBLAntn
user_386	AA3i3hb;;AAyAKUa	BBUbdJN;;AAwA9lA	BBUkAzR;AAvfI8G
user_387	AA3i3hb;;BBND51v	BBUbdJN;;AAwA9lA	BBUkAzR;AA8X1Au
user_388	AA3i3hb;;BBUbdJN	BBUbdJN;;BBKQA09	BBUkAzR;AAxl48x
user_389	AA3i3hb;;AAAF8Ww	BBUbdJN;;BBHnGQc	BBUkAzR;AAylz6W
user_390	AA3i3hb;;BBMVdpZ	BBUbdJN;;BBOsyuJ	BBUkAzR;AA2eTBe
user_391	AA3i3hb;;AAAYpAW	BBUbdJN;;BBHO6dr	BBUkAzR;AAweMwJ
user_392	AA3i3hb;;AAwA9lA	BBUbdJN;;AAwEGzs	BBUkAzR;BBVSf5i
user_393	AA3i3hb;;AABGZJn	BBUbdJN;;AAyAABs	BBUkAzR;AA8lMqC
user_394	AA3i3hb;;BBMZWbw	BBUbdJN;;BBNcqER	BBUkAzR;AAB9dOB
user_395	AA3i3hb;;AAvrWds	BBUbdJN;;AABGTFJ	BBUkAzR;AAApGWa
user_396	AA3i3hb;;BBOTCVl	BBUbdJN;;BBNYBjr	BBUkAzR;AAyy9gw
user_397	AA3i3hb;;BBKyR1L	BBUbdJN;;BBMFvW0	BBUkAzR;AArwsEO
user_398	AA3i3hb;;AA3bhGW	BBUbdJN;;BBEY0sP	BBUkAzR;AAB69ip
user_399	AA3i3hb;;AAAQUuk	BBUbdJN;;BBLDqj4	BBUkAzR;AAxnVFg
user_400	AA3i3hb;;BBVXK7i	BBUbdJN;;AAuu5er	BBUkAzR;BBNc2I7
user_401	AA3i3hb;;BBMXL6V	BBUbdJN;;AAyN37H	BBUkAzR;AAxL9NH
user_402	AA3i3hb;;BBMFvW0	BBUbdJN;;AAAeUHj	BBUkAzR;BB1009hG
user_403	AA3i3hb;;BBNTrPF	BBUbdJN;;AAvKoOa	BBUkAzR;BBMA2Cr
user_404	AA3i3hb;;AAvfuF2	BBUbdJN;;BBL6vWz	BBUkAzR;AAy7GfC
user_405	AA3i3hb;;BBVFacd	BBUbdJN;;BBNcDBd	BBUkAzR;BBLiEQ4
user_406	AA3i3hb;;AA2qznx	BBUbdJN;;BBOtyok	BBUkAzR;BBH6ntg
user_407	AA3i3hb;;BBL5ktS	BBUbdJN;;AA3gpLN	BBUkAzR;BBKrukC
user_408	AA3i3hb;;BBV3BKC	BBUbdJN;;AAAcG3S	BBUkAzR;AAtVp0r
user_409	AA3i3hb;;BBV1Nzg	BBUbdJN;;BBFpq8n	BBUkAzR;AAwfVUE
user_410	AA3i3hb;;BBV3BKC	BBUbdJN;;AAAGO2m	BBUkAzR;BBUasXo
user_411	AA3i3hb;;AAB1Mio	BBUbdJN;;BBKZ16M	BBUkAzR;AA3a5Ia
user_412	AA3i3hb;;BBEWBXY	BBUbdJN;;BBVR0K0	BBUkAzR;BBL6vWz
user_413	AA3i3hb;;BBMKfHB	BBUbdJN;;AAAeUHj	BBUkAzR;BBV71BM
user_414	AA3i3hb;;AAApGWa	BBUbdJN;;AAAgDqT	BBUkAzR;BBVFacd
user_415	AA3i3hb;;BBUpBMa	BBUbdJN;;BBNRGhy	BBUkAzR;BBFpq8n
user_416	AA3i3hb;;BBMvpSD	BBUbdJN;;AA8lMqC	BBUkAzR;AAATGy9
user_417	AA3i3hb;;BBL0xLh	BBUbdJN;;BBLsyWp	BBUkAzR;AAwzsR8
user_418	AA3i3hb;;AAsevdg	BBUbdJN;;AAB2EcG	BBUkAzR;AAv4n0c
user_419	AA3i3hb;;BBLLcb7	BBUbdJN;;AAwEGzs	BBUkAzR;BBMygGa
user_420	AA3i3hb;;AAARwH5	BBUbdJN;;BBOtyok	BBUkAzR;BBKZ16M
user_421	AA3i3hb;;BBORW98	BBUbdJN;;BBIwOYv	BBUkAzR;AAB2iuR
user_422	AA3i3hb;;BBVGoI2	BBUbdJN;;AA3i3hb	BBUkAzR;BBMKfHB
user_423	AA3i3hb;;AABKIuj	BBUbdJN;;AAyAS4w	BBUkAzR;BBLzxW3
user_424	AA3i3hb;;BBUgEu2	BBUbdJN;;AAAW0DF	BBUkAzR;AAAOiNg
user_425	AA3i3hb;;BBIdY6V	BBUbdJN;;BBOwH0B	BBUkAzR;AA2qznx
user_426	AA3i3hb;;AAARpcX	BBUbdJN;;AAvKr4V	BBUkAzR;AAAM6VA
user_427	AA3i3hb;;AA2gs73	BBUbdJN;;AA3gpLN	BBUkAzR;AA3fe19
user_428	AA3i3hb;;AAAOiNg	BBUbdJN;;BBMi5bl	BBUkAzR;BBNTrPF
user_429	AA3i3hb;;AAARCpt	BBUbdJN;;AA2ISfW	BBUkAzR;AAvKkO1
user_430	AA3i3hb;;AAB69ip	BBUbdJN;;BBL6CAZ	BBUkAzR;BBV1ppM
user_431	AA3i3hb;;BBMWWXk	BBUbdJN;;AA3gfvH	BBUkAzR;BBUgeaU
user_432	AA3i3hb;;BBGjJRO	BBUbdJN;;AAARCpt	BBUkAzR;BBV6cLI
user_433	AA3i3hb;;BBVSktv	BBUbdJN;;BBJVL0J	BBUkAzR;BBKPLyt
user_434	AA3i3hb;;BBNZaKA	BBUbdJN;;BBVSjds	BBUkAzR;BBVR0K0
user_435	AA3i3hb;;AAAgDqT	BBUbdJN;;BBKJtyu	BBUkAzR;AAAFGsN
user_436	AA3i3hb;;AAATGya	BBUbdJN;;AA2eTBe	BBUkAzR;BBKRX2H
user_437	AA3i3hb;;AAxN4SL	BBUbdJN;;BBMB5u5	BBUkAzR;AA8lMqC
user_438	AA3i3hb;;BBMbXWT	BBUbdJN;;AAyy9gw	BBUkAzR;AAALMuJ
user_439	AA3i3hb;;AAqkbhx	BBUbdJN;;AAwfVUE	BBUkAzR;BBGMYEq
user_440	AA3i3hb;;AAB2j3e	BBUbdJN;;BBJCeKv	BBUkAzR;AAAZkwq
user_441	AA3i3hb;;AAtnEW6	BBUbdJN;;AA2ISfW	BBUkAzR;BBEKb2q
user_442	AA3i3hb;;BBLzxW3	BBUbdJN;;BBVQfhU	BBUkAzR;AAsesZq
user_443	AA3i3hb;;BBIzno8	BBUbdJN;;BBMXL6V	BBUkAzR;AAxZgFU
user_444	AA3i3hb;;AAAMySP	BBUbdJN;;BBOthIn	BBUkAzR;AAB8Llw
user_445	AA3i3hb;;BBUktpj	BBUbdJN;;AAvNkM0	BBUkAzR;BBGjJRO
user_446	AA3i3hb;;BBUuibK	BBUbdJN;;AAvrWds	BBUkAzR;AAAZ3SN
user_447	AA3i3hb;;AAzW6h1	BBUbdJN;;AAA7oHF	BBUkAzR;BBMFQdT
user_448	AA3i3hb;;AABAsBx	BBUbdJN;;BBNT7UF	BBUkAzR;AAth6aY
user_449	AA3i3hb;;BBUtASG	BBUbdJN;;BBIdbe0	BBUkAzR;AAzgHgu
user_450	AA3i3hb;;BBV4fjE	BBUbdJN;;AAy1Qm9	BBUkAzR;AAv1HhQ
user_451	AA3i3hb;;AAyADo0	BBUbdJN;;AAyzOlr	BBUkAzR;BBIdY6V
user_452	AA3i3hb;;AAxDzxu	BBUbdJN;;AAsesZq	BBUkAzR;BBLIXmS
user_453	AA3i3hb;;BBUvu4V	BBUbdJN;;AAxnVFg	BBUkAzR;AAAOrHc
user_454	AA3i3hb;;AAzW6h1	BBUbdJN;;AAwUqse	BBUkAzR;AAweMwJ
user_455	AA3i3hb;;BBMhA5P	BBUbdJN;;AABJILs	BBUkAzR;AAxXp14
user_456	AA3i3hb;;AAApGWa	BBUbdJN;;BBMVdpZ	BBUkAzR;AAwhqjD
user_457	AA3i3hb;;BBLwB05	BBUbdJN;;AAvKoOa	BBUkAzR;BBUrbKT
user_458	AA3i3hb;;AAyiDLG	BBUbdJN;;BBLIVQb	BBUkAzR;AABHWVu
user_459	AA3i3hb;;BBMJwbb	BBUbdJN;;AAwrGv8	BBUkAzR;AAADQlB
user_460	AA3i3hb;;BBV1dH0	BBUbdJN;;BBLkwJA	BBUkAzR;BBUojmR
user_461	AA3i3hb;;BBVFiDd	BBUbdJN;;BBUgFWE	BBUkAzR;BBGk7uy
user_462	AA3i3hb;;BBEKZa9	BBUbdJN;;BBJVL0J	BBUkAzR;AAyAABs
user_463	AA3i3hb;;BBOthIn	BBUbdJN;;AAA2FeL	BBUkAzR;AAARyVb
user_464	AA3i3hb;;BBGLGrn	BBUbdJN;;AAAOsM0	BBUkAzR;AAvXr8T
user_465	AA3i3hb;;AABDHTv	BBUbdJN;;AA5bCkb	BBUkAzR;BBMVhJ9
user_466	AA3i3hb;;AAwzsR8	BBUbdJN;;AAwfVUE	BBUkAzR;AAAMdk8
user_467	AA3i3hb;;BBV1Sye	BBUbdJN;;AAAgGcl	BBUkAzR;BBVQVOk
user_468	AA3i3hb;;AABRuxD	BBUbdJN;;BBDmzK7	BBUkAzR;AA4Tc3G
user_469	AA3i3hb;;AAB5RFI	BBUbdJN;;AA3fRp5	BBUkAzR;AAAsIkq
user_470	AA3i3hb;;AAvKr4V	BBUbdJN;;AAARpcX	BBUkAzR;BBVQVOk
user_471	AA3i3hb;;AAwTTtM	BBUbdJN;;BBVhV5z	BBUkAzR;BBVFacd
user_472	AA3i3hb;;AA3hFc6	BBUbdJN;;BBV1Sye	BBUkAzR;AAARwH5
user_473	AA3i3hb;;BBNWiNe	BBUbdJN;;AAAZoxS	BBUkAzR;BBVSYWP
user_474	AA3i3hb;;BBN0NAK	BBUbdJN;;AABHWVu	BBUkAzR;AAtEqjb
user_475	AA3i3hb;;AAtnEW6	BBUbdJN;;AAARmnD	BBUkAzR;AAxLVLO
user_476	AA3i3hb;;BBV4fjE	BBUbdJN;;BBLzxW3	BBUkAzR;BBGKNlv
user_477	AA3i3hb;;AAwyZza	BBUbdJN;;AAB2j3e	BBUkAzR;BBV71BM
user_478	AA3i3hb;;AAAMySP	BBUbdJN;;BBVEbo2	BBUkAzR;BBMEtDi
user_479	AA3i3hb;;AA85LCJ	BBUbdJN;;AAB6hqa	BBUkAzR;AAAFdFZ
user_480	AA3i3hb;;BBMFvW0	BBUbdJN;;AAyeTVF	BBUkAzR;BBMygGa
user_481	AA3i3hb;;AAAOrHc	BBUbdJN;;BBL5ktS	BBUkAzR;AABG8UE
user_482	AA3i3hb;;BBVZkn0	BBUbdJN;;BBUgEu2	BBUkAzR;AA8X1Au
user_483	AA3i3hb;;BBNYxiX	BBUbdJN;;BBIL0CC	BBUkAzR;AAzRkaY
user_484	AA3i3hb;;AAB9dOB	BBUbdJN;;AAvKr4V	BBUkAzR;AAATGy9
user_485	AA3i3hb;;BBLsyWp	BBUbdJN;;AA3gfvH	BBUkAzR;BBMHYHC
user_486	AA3i3hb;;AAyN37H	BBUbdJN;;AABKX9K	BBUkAzR;AAvfuF2
user_487	AA3i3hb;;AAvNkM0	BBUbdJN;;BB100IjZ	BBUkAzR;AA85LCJ
user_488	AA3i3hb;;AAAW0DF	BBUbdJN;;AAAZ3SN	BBUkAzR;BBVSktv
user_489	AA3i3hb;;AAy1Qm9	BBUbdJN;;AA9npVj	BBUkAzR;BB100PnO
user_490	AA3i3hb;;BBMdSnO	BBUbdJN;;BBVKYPA	BBUkAzR;BBNYBjr
user_491	AA3i3hb;;AAvfuF2	BBUbdJN;;BBVHk6z	BBUkAzR;BBMCoHF
user_492	AA3i3hb;;BBGMYEq	BBUbdJN;;AAyADnw	BBUkAzR;AAB1Mio
user_493	AA3i3hb;;BBUkAzR	BBUbdJN;;AAth6aY	BBUkAzR;AAwzsR8
user_494	AA3i3hb;;BBDWniw	BBUbdJN;;BBOsyuJ	BBUkAzR;BBVSktv
user_495	AA3i3hb;;BB100Bx9	BBUbdJN;;BBLDqj4	BBUkAzR;BBH9KRa
user_496	AA3i3hb;;AABGH82	BBUbdJN;;AAAcG3S	BBUkAzR;BB100HPz
user_497	AA3i3hb;;BBMBEtM	BBUbdJN;;AAwA9lA	BBUkAzR;BBVT81D
user_498	AA3i3hb;;AAvfxhN	BBUbdJN;;BBHriZh	BBUkAzR;AAwhqjD
user_499	AA3i3hb;;BBLkwJA	BBUbdJN;;AAB9dcY	BBUkAzR;AABKX9K
user_500	AA3i3hb;;AAAZ3SN	BBUbdJN;;BBNhGI1	BBUkAzR;AA3i3hb
user_501	AA3i3hb;;BBVXyzp	BBUbdJN;;AAxN4SL	BBUkAzR;AA3i3hb
user_502	AA3i3hb;;BBGLGrn	BBUbdJN;;AAAcG3S	BBUkAzR;BBKQA09
user_503	AA3i3hb;;AA3fe19	BBUbdJN;;BBMFM09	BBUkAzR;BBORW98
user_504	AA3i3hb;;BBEKZa9	BBUbdJN;;AAuP7ue	BBUkAzR;AABGTFJ
user_505	AA3i3hb;;BBJdoAY	BBUbdJN;;BBVT81D	BBUkAzR;BBUuibK
user_506	AA3i3hb;;AAv7lDX	BBUbdJN;;BBVNEMA	BBUkAzR;AAApGWa
user_507	AA3i3hb;;BBMCoHF	BBUbdJN;;BBL5ktS	BBUkAzR;AAv7lDX
user_508	AA3i3hb;;AAxXuir	BBUbdJN;;BBMygGa	BBUkAzR;AAwTTtM
user_509	AA3i3hb;;BB100FCF	BBUbdJN;;AAvfuF2	BBUkAzR;AAAcG3S
user_510	AA3i3hb;;BBOtyok	BBUbdJN;;AAB5RFI	BBUkAzR;AAARaTv
user_511	AA3i3hb;;AAtVp0r	BBUbdJN;;AAw0UUH	BBUkAzR;AABG8UE
user_512	AA3i3hb;;BBVlo2w	BBUbdJN;;AAv4n0c	BBUkAzR;BBMi5bl
user_513	AA3i3hb;;AAyAKUa	BBUbdJN;;BBF3RTF	BBUkAzR;BBIdY6V
user_514	AA3i3hb;;BBUoXbO	BBUbdJN;;BBIVF4U	BBUkAzR;AAA2FeL
user_515	AA3i3hb;;BBJiVaa	BBUbdJN;;AAAMdk8	BBUkAzR;AA4VBvU
user_516	AA3i3hb;;AAARaTv	BBUbdJN;;BBLCOcI	BBUkAzR;BBV1Evc
user_517	AA3i3hb;;AAAZfdV	BBUbdJN;;BBDmzK7	BBUkAzR;BBMXMHI
user_518	AA3i3hb;;BBVSq8f	BBUbdJN;;AAAR7gM	BBUkAzR;AAAF8Ww
user_519	AA3i3hb;;AA3gfvH	BBUbdJN;;BBHO6dr	BBUkAzR;AAuOQ0L
user_520	AA3i3hb;;AAyAABs	BBUbdJN;;AA3a5Ia	BBUkAzR;BBNZaKA
user_521	AA3i3hb;;AAARCpt	BBUbdJN;;AAwEPYW	BBUkAzR;BBVctFt
user_522	AA3i3hb;;AABGTFJ	BBUbdJN;;AAATuMd	BBUkAzR;BBUgeaU
user_523	AA3i3hb;;BBMygGa	BBUbdJN;;AAA0qq0	BBUkAzR;BBND51v
user_524	AA3i3hb;;BBL9Ih9	BBUbdJN;;BBVjypU	BBUkAzR;BBLpup5
user_525	AA3i3hb;;BBMZWbw	BBUbdJN;;BBMYv4d	BBUkAzR;AABGTFJ
user_526	AA3i3hb;;AAxXrqD	BBUbdJN;;BBLHEz5	BBUkAzR;AABKX9K
user_527	AA3i3hb;;AAwhqjD	BBUbdJN;;AAARyVb	BBUkAzR;BBORW98
user_528	AA3i3hb;;AAqJUn9	BBUbdJN;;BBH6ntg	BBUkAzR;BBLiEQ4
user_529	AA3i3hb;;AAsevdg	BBUbdJN;;AABG8UE	BBUkAzR;BBHnGQc
user_530	AA3i3hb;;BBOwH0B	BBUbdJN;;AAsurj6	BBUkAzR;BBJCeKv
user_531	AA3i3hb;;BBGgFfH	BBUbdJN;;BBUgEu2	BBUkAzR;AAvL9ds
user_532	AA3i3hb;;BBN0AuL	BBUbdJN;;AAB2u3I	BBUkAzR;BBVQT2P
user_533	AA3i3hb;;AAvrWds	BBUbdJN;;BBUtASG	BBUkAzR;BBLSQ3o
user_534	AA3i3hb;;BBNc2I7	BBUbdJN;;BBV4elZ	BBUkAzR;AA2eTBe
user_535	AA3i3hb;;BBMvpSD	BBUbdJN;;AABGH82	BBUkAzR;BBV2YJR
user_536	AA3i3hb;;BBNT7UF	BBUbdJN;;AAuOQ0L	BBUkAzR;AABHWVu
user_537	AA3i3hb;;BBM4c2a	BBUbdJN;;AAAM6VA	BBUkAzR;BBJiVaa
user_538	AA3i3hb;;AAvKkO1	BBUbdJN;;AAAZkwq	BBUkAzR;AAxDzxu
user_539	AA3i3hb;;AAAZdwT	BBUbdJN;;BBOU2yT	BBUkAzR;AAweMwJ
user_540	AA3i3hb;;AAyiDLG	BBUbdJN;;AA2ISfW	BBUkAzR;BBL2uNw
user_541	AA3i3hb;;AAB3hqW	BBUbdJN;;AAAOBDP	BBUkAzR;AA4VInT
user_542	AA3i3hb;;BBVctFt	BBUbdJN;;AAvfxhN	BBUkAzR;BBKJtyu
user_543	AA3i3hb;;AAwA9lA	BBUbdJN;;BBLkc0L	BBUkAzR;BBUoXbO
user_544	AA3i3hb;;AABG8UE	BBUbdJN;;AAAKyNl	BBUkAzR;AAyAKTH
user_545	AA3i3hb;;BBV1dH0	BBUbdJN;;BBH6sqU	BBUkAzR;AA5bCkb
user_546	AA3i3hb;;AAxqWo3	BBUbdJN;;BBLsRAt	BBUkAzR;BBJVL0J
user_547	AA3i3hb;;AAxl48x	BBUbdJN;;BBVSYWP	BBUkAzR;BBHriZh
user_548	AA3i3hb;;BBUlE3c	BBUbdJN;;BBMZWbw	BBUkAzR;AAyAABs
user_549	AA3i3hb;;BBMCoHF	BBUbdJN;;BBV71BM	BBUkAzR;AAAT4SG
user_550	AA3i3hb;;AA8lMqC	BBUbdJN;;BBLRPbG	BBUkAzR;BBV2YJR
user_551	AA3i3hb;;AAB2EcG	BBUbdJN;;AAApGWa	BBUkAzR;BBUpBMa
user_552	AA3i3hb;;BBKQA09	BBUbdJN;;BBNhGI1	BBUkAzR;AA3bhGW
user_553	AA3i3hb;;AAsQvKB	BBUbdJN;;BBLDqj4	BBUkAzR;AAyADni
user_554	AA3i3hb;;BBLsRAt	BBUbdJN;;BBMdSnO	BBUkAzR;BBORW98
user_555	AA3i3hb;;BBKh2ML	BBUbdJN;;AAAREgH	BBUkAzR;BBO1cwm
user_556	AA3i3hb;;BBV6cLI	BBUbdJN;;AABYiwg	BBUkAzR;AAATk1K
user_557	AA3i3hb;;BB100PnO	BBUbdJN;;AAyAKUa	BBUkAzR;AAANCDc
user_558	AA3i3hb;;BB100IjZ	BBUbdJN;;BBVFacd	BBUkAzR;AAu2Zc2
user_559	AA3i3hb;;BB100PnO	BBUbdJN;;AAtEqjb	BBUkAzR;BB100FCF
user_560	AA3i3hb;;AAxXp14	BBUbdJN;;BBV1Evc	BBUkAzR;AAsurj6
user_561	AA3i3hb;;BBGMYEq	BBUbdJN;;BBV4elZ	BBUkAzR;AA3gfvH
user_562	AA3i3hb;;AAyADo0	BBUbdJN;;AAB8Llw	BBUkAzR;BBKStQc
user_563	AA3i3hb;;AAARCpt	BBUbdJN;;BBUxQNx	BBUkAzR;BBNYBjr
user_564	AA3i3hb;;BBKJtyu	BBUbdJN;;BBLSQ3o	BBUkAzR;AAxXAye
user_565	AA3i3hb;;AAAM6Jx	BBUbdJN;;BBLCOcI	BBUkAzR;AA8X1Au
user_566	AA3i3hb;;BBMTKyQ	BBUbdJN;;AAARmnD	BBUkAzR;BBGgysX
user_567	AA3i3hb;;AAAZdwT	BBUbdJN;;AA3gpLN	BBUkAzR;AAxnVFg
user_568	AA3i3hb;;AAAGO2m	BBUbdJN;;BBUgeaU	BBUkAzR;BBKyR1L
user_569	AA3i3hb;;AA2qznx	BBUbdJN;;BBMygGa	BBUkAzR;BBH6sqU
user_570	AA3i3hb;;BBUvu4V	BBUbdJN;;BBLjMHu	BBUkAzR;BBMFPNi
user_571	AA3i3hb;;BB1009hG	BBUbdJN;;BBLpup5	BBUkAzR;BBKrukC
user_572	AA3i3hb;;AAARdDZ	BBUbdJN;;BBLkwJA	BBUkAzR;AAARaTv
user_573	AA3i3hb;;BBMBEtM	BBUbdJN;;AAARruy	BBUkAzR;BBVNEMA
user_574	AA3i3hb;;BBMbXWT	BBUbdJN;;AAxXAye	BBUkAzR;AAx8xEK
user_575	AA3i3hb;;BBVSq8f	BBUbdJN;;BBLCByC	BBUkAzR;BBMi5bl
user_576	AA3i3hb;;AA5bCkb	BBUbdJN;;BBGvfOS	BBUkAzR;BBGLGrn
user_577	AA3i3hb;;BBLRPbG	BBUbdJN;;BBOsyuJ	BBUkAzR;AA3a5Ia
user_578	AA3i3hb;;BBVjtjw	BBUbdJN;;AAB5RFI	BBUkAzR;AAtnEW6
user_579	AA3i3hb;;AAxXrqD	BBUbdJN;;AAuP7ue	BBUkAzR;AAvXr8T
user_580	AA3i3hb;;AAAOoQT	BBUbdJN;;BBMFM09	BBUkAzR;AAAW0DF
user_581	AA3i3hb;;BBDmzK7	BBUbdJN;;BBOtp3v	BBUkAzR;AA8lMqC
user_582	AA3i3hb;;AAALMuJ	BBUbdJN;;BBMhA5P	BBUkAzR;BBUgFWE
user_583	AA3i3hb;;BBHLQtE	BBUbdJN;;BBNkt7C	BBUkAzR;AAyAKTH
user_584	AA3i3hb;;BBNFjp8	BBUbdJN;;AAwTTtM	BBUkAzR;AAAREgH
user_585	AA3i3hb;;AAuu5er	BBUbdJN;;AAx0Vlx	BBUkAzR;BBIdY6V
user_586	AA3i3hb;;AArWO54	BBUbdJN;;BBHnGQc	BBUkAzR;AAxXp14
user_587	AA3i3hb;;BBHriZh	BBUbdJN;;BBLSQ3o	BBUkAzR;BBMZWbw
user_588	AA3i3hb;;AAxXp14	BBUbdJN;;BBLZ3n0	BBUkAzR;BBHnGQc
user_589	AA3i3hb;;AAAREgH	BBUbdJN;;AAsurj6	BBUkAzR;BBLnEkX
user_590	AA3i3hb;;BBLwB05	BBUbdJN;;AAyADnw	BBUkAzR;AAwfVUE
user_591	AA3i3hb;;BBUbdJN	BBUbdJN;;BBN9xcZ	BBUkAzR;BBMXMHI
user_592	AA3i3hb;;BBGk7uy	BBUbdJN;;BBMygGa	BBUkAzR;AAARyVb
user_593	AA3i3hb;;AAyAS4w	BBUbdJN;;AAvfI8G	BBUkAzR;BBL5ktS
user_594	AA3i3hb;;BBV4elZ	BBUbdJN;;AAAR7gM	BBUkAzR;AAxDzxu
user_595	AA3i3hb;;BBLHZ7H	BBUbdJN;;AAATGy9	BBUkAzR;BBVSjds
user_596	AA3i3hb;;BBVJL7v	BBUbdJN;;BBV1Evc	BBUkAzR;BBMAcho
user_597	AA3i3hb;;BBVMCOX	BBUbdJN;;BBNXlUe	BBUkAzR;BBLuDsT
user_598	AA3i3hb;;BBMXMHI	BBUbdJN;;BBKYPI0	BBUkAzR;AA3bhGW
user_599	AA3i3hb;;AAyzOlr	BBUbdJN;;AAA7oHF	BBUkAzR;AAAQUuk
user_600	AA3i3hb;;AAvfI8G	BBUbdJN;;BBMBEtM	BBUkAzR;BBLSQ3o
user_601	AA3i3hb;;BBNT7UF	BBUbdJN;;BBLrAmc	BBUkAzR;BBLuDsT
user_602	AA3i3hb;;BBEKZa9	BBUbdJN;;BBV5WXI	BBUkAzR;AAvXr8T
user_603	AA3i3hb;;BBNca9o	BBUbdJN;;AAAFGsN	BBUkAzR;BBDmzK7
user_604	AA3i3hb;;AAARaTv	BBUbdJN;;AAvKkO1	BBUkAzR;AA3gpLN
user_605	AA3i3hb;;BBV1Sye	BBUbdJN;;BBL6QWY	BBUkAzR;BBMe8DV
user_606	AA3i3hb;;BBVNFvj	BBUbdJN;;BBMHokT	BBUkAzR;AAyADoH
user_607	AA3i3hb;;BBVJL7v	BBUbdJN;;BBLuDsT	BBUkAzR;AAsevdg
user_608	AA3i3hb;;AA5bw9B	BBUbdJN;;AAwEGzs	BBUkAzR;BBMCoHF
user_609	AA3i3hb;;AAsevdg	BBUbdJN;;BBIwOYv	BBUkAzR;AAth6aY
user_610	AA3i3hb;;AAB9dcY	BBUbdJN;;BBV2YJR	BBUkAzR;AAyADnw
user_611	AA3i3hb;;BBKh2ML	BBUbdJN;;AAA0qq0	BBUkAzR;AAAKyNl
user_612	AA3i3hb;;BBEJYF3	BBUbdJN;;BBLkc0L	BBUkAzR;BBV1dH0
user_613	AA3i3hb;;BBMvpSD	BBUbdJN;;AArwsEO	BBUkAzR;BBMvpSD
user_614	AA3i3hb;;AArWDxX	BBUbdJN;;BBNRGhy	BBUkAzR;AAwA9lA
user_615	AA3i3hb;;AAxDzxu	BBUbdJN;;AAxN4SL	BBUkAzR;AAweMwJ
user_616	AA3i3hb;;BBUjjnP	BBUbdJN;;AAANCDc	BBUkAzR;AAAtcpS
user_617	AA3i3hb;;AABYiwg	BBUbdJN;;AA3gf2C	BBUkAzR;BBMVoOL
user_618	AA3i3hb;;BBKrukC	BBUbdJN;;BBEKZa9	BBUkAzR;BBV2YJR
user_619	AA3i3hb;;BBF3RTF	BBUbdJN;;BBVjypU	BBUkAzR;AA4Tc3G
user_620	AA3i3hb;;AAATRJv	BBUbdJN;;AA3hFc6	BBUkAzR;AAAvJEv
user_621	AA3i3hb;;AAv1HhQ	BBUbdJN;;AAsXRjK	BBUkAzR;BBVAcD5
user_622	AA3i3hb;;BBIzno8	BBUbdJN;;AAvKkO1	BBUkAzR;BBUbdJN
user_623	AA3i3hb;;BBUg9Do	BBUbdJN;;BBVR0K0	BBUkAzR;AAAR7gM
user_624	AA3i3hb;;BBLuDsT	BBUbdJN;;AAvrWds	BBUkAzR;BBNwUmh
user_625	AA3i3hb;;AAxN4SL	BBUbdJN;;AA3gpLN	BBUkAzR;BBMKtn3
user_626	AA3i3hb;;BBL6W4H	BBUbdJN;;AAuP7ue	BBUkAzR;BBF3RTF
user_627	AA3i3hb;;AAAgDqT	BBUbdJN;;AABG8UE	BBUkAzR;BBLT5vU
user_628	AA3i3hb;;AAqkbhx	BBUbdJN;;AA3gfvH	BBUkAzR;AAyAKUa
user_629	AA3i3hb;;AAAM6VA	BBUbdJN;;BBL6kTL	BBUkAzR;BBNS2z7
user_630	AA3i3hb;;BBV71BM	BBUbdJN;;BBLZ3n0	BBUkAzR;AAAREgH
user_631	AA3i3hb;;BBVGoI2	BBUbdJN;;BBGgysX	BBUkAzR;BBL6vWz
user_632	AA3i3hb;;AAB8TGp	BBUbdJN;;AAACETv	BBUkAzR;AAApGWa
user_633	AA3i3hb;;AA2eTBe	BBUbdJN;;BBDWniw	BBUkAzR;AAxXAWa
user_634	AA3i3hb;;AAAZd20	BBUbdJN;;BBGgysX	BBUkAzR;AAwTTtM
user_635	AA3i3hb;;BBFXt5V	BBUbdJN;;BBHLQtE	BBUkAzR;BBIL0CC
user_636	AA3i3hb;;AAuGRQP	BBUbdJN;;AAyiDLG	BBUkAzR;BBLpup5
user_637	AA3i3hb;;BBVEbo2	BBUbdJN;;BBLIXmS	BBUkAzR;BBKRX2H
user_638	AA3i3hb;;BBLF0Gc	BBUbdJN;;AAB69ip	BBUkAzR;BBMVdpZ
user_639	AA3i3hb;;AAwzsR8	BBUbdJN;;BBIdbe0	BBUkAzR;BBLkwJA
user_640	AA3i3hb;;AAB2EcG	BBUbdJN;;BBHwnKx	BBUkAzR;AAAZi8t
user_641	AA3i3hb;;AAAFGsN	BBUbdJN;;BBLD170	BBUkAzR;BBLSQ3o
user_642	AA3i3hb;;AAARmnD	BBUbdJN;;AAATRJv	BBUkAzR;AAsevdg
user_643	AA3i3hb;;AAyAPVN	BBUbdJN;;BBVPE58	BBUkAzR;AABAsBx
user_644	AA3i3hb;;AAyADnD	BBUbdJN;;BBNYBjr	BBUkAzR;BB100FCF
user_645	AA3i3hb;;AAxOeQ4	BBUbdJN;;AA4Tc3G	BBUkAzR;BBIL0CC
user_646	AA3i3hb;;BBHwnKx	BBUbdJN;;BBNWiNe	BBUkAzR;BBVFacd
user_647	AA3i3hb;;AAB5RFI	BBUbdJN;;AAw0UUH	BBUkAzR;AAxLVLO
user_648	AA3i3hb;;AAxDzxu	BBUbdJN;;BBOoDSm	BBUkAzR;BB100N6g
user_649	AA3i3hb;;BBN0NAK	BBUbdJN;;AAxnxl0	BBUkAzR;BBOTCVl
user_650	AA3i3hb;;BBMTKyQ	BBUbdJN;;BBLsyWp	BBUkAzR;BBMi4WK
user_651	AA3i3hb;;BBMdSnO	BBUbdJN;;BBVKYPA	BBUkAzR;AAAZ3SN
user_652	AA3i3hb;;BBL6QWY	BBUbdJN;;AAweMwJ	BBUkAzR;AA3ggk0
user_653	AA3i3hb;;AAyzOlr	BBUbdJN;;AAyAKTH	BBUkAzR;BBNWiNe
user_654	AA3i3hb;;AAA2FeL	BBUbdJN;;BBMi4WK	BBUkAzR;BBLLcb7
user_655	AA3i3hb;;BBLkwJA	BBUbdJN;;AAB9dOB	BBUkAzR;AAB3hqW
user_656	AA3i3hb;;BBVctFt	BBUbdJN;;AABbD1C	BBUkAzR;AAAZoxS
user_657	AA3i3hb;;BBVSq8f	BBUbdJN;;BBKYPI0	BBUkAzR;BBKvmih
user_658	AA3i3hb;;BBNFjp8	BBUbdJN;;BBVZkn0	BBUkAzR;BBUcPfJ
user_659	AA3i3hb;;AAB25cr	BBUbdJN;;BBUkAzR	BBUkAzR;AAAvJEv
user_660	AA3i3hb;;BBMKtn3	BBUbdJN;;BBLLcb7	BBUkAzR;AAAREgH
user_661	AA3i3hb;;AAB5RFI	BBUbdJN;;AAy2kZX	BBUkAzR;BBUuibK
user_662	AA3i3hb;;BBV4fjE	BBUbdJN;;BBJ963r	BBUkAzR;AA4VInT
user_663	AA3i3hb;;AAB2iuR	BBUbdJN;;AABKIuj	BBUkAzR;AA5bCkb
user_664	AA3i3hb;;AAyADoH	BBUbdJN;;AAxl48x	BBUkAzR;AAx0Vlx
user_665	AA3i3hb;;AAx8xEK	BBUbdJN;;BBKYPI0	BBUkAzR;BBNZaKA
user_666	AA3i3hb;;BBV4zz7	BBUbdJN;;BBVNc5r	BBUkAzR;BBV5WXI
user_667	AA3i3hb;;AA4Tc3G	BBUbdJN;;AA3i3hb	BBUkAzR;AAylz6W
user_668	AA3i3hb;;BBN0AuL	BBUbdJN;;AAw0UUH	BBUkAzR;AAB8Llw
user_669	AA3i3hb;;AAB96FM	BBUbdJN;;AAwr9Xz	BBUkAzR;AAARruy
user_670	AA3i3hb;;AAxnVFg	BBUbdJN;;BBUtASG	BBUkAzR;BBIdY6V
user_671	AA3i3hb;;BBLCOcI	BBUbdJN;;AAAKeCb	BBUkAzR;BBMEtDi
user_672	AA3i3hb;;AAyAKTH	BBUbdJN;;AAADukn	BBUkAzR;BBLRPbG
user_673	AA3i3hb;;BBMbXWT	BBUbdJN;;BBN0AuL	BBUkAzR;BBNFjp8
user_674	AA3i3hb;;AAAR7gM	BBUbdJN;;BBN9xcZ	BBUkAzR;BBMZWbw
user_675	AA3i3hb;;AA3fApc	BBUbdJN;;AABKX9K	BBUkAzR;AAAM6Jx
user_676	AA3i3hb;;BBId9nm	BBUbdJN;;AAvKr4V	BBUkAzR;AAB1Mio
user_677	AA3i3hb;;BBMygGa	BBUbdJN;;AAqJUn9	BBUkAzR;BBOoDSm
user_678	AA3i3hb;;AAAFGsN	BBUbdJN;;AAsmnqz	BBUkAzR;BBNYnWJ
user_679	AA3i3hb;;AABGZJn	BBUbdJN;;BB100PnO	BBUkAzR;AAsesZq
user_680	AA3i3hb;;AAARruy	BBUbdJN;;BBNf8oK	BBUkAzR;AA3fRp5
user_681	AA3i3hb;;BB1009hG	BBUbdJN;;BBId9nm	BBUkAzR;BBIaCq5
user_682	AA3i3hb;;AA3fe19	BBUbdJN;;BBV1ppM	BBUkAzR;BBLk0Zw
user_683	AA3i3hb;;AAARpcX	BBUbdJN;;AAAcG3S	BBUkAzR;AAvKkO1
user_684	AA3i3hb;;BBUpBMa	BBUbdJN;;BBVQVOk	BBUkAzR;BBN0AuL
user_685	AA3i3hb;;AAAWOYZ	BBUbdJN;;BBHnGQc	BBUkAzR;AAwrGv8
user_686	AA3i3hb;;BBOU2yT	BBUbdJN;;AAy2kZX	BBUkAzR;AAAZoxS
user_687	AA3i3hb;;AAxXAWa	BBUbdJN;;BBMB5u5	BBUkAzR;AAAT4SG
user_688	AA3i3hb;;AAyAKST	BBUbdJN;;BBDv9IT	BBUkAzR;BBMRGoj
user_689	AA3i3hb;;BBNwUmh	BBUbdJN;;BBKRX2H	BBUkAzR;BBLDqj4
user_690	AA3i3hb;;BB100FCF	BBUbdJN;;AAxXuir	BBUkAzR;BBVhV5z
user_691	AA3i3hb;;BBIwOYv	BBUbdJN;;BBMJwbb	BBUkAzR;BBVAcD5
user_692	AA3i3hb;;BBUuibK	BBUbdJN;;AAAT4SG	BBUkAzR;AA5bw9B
user_693	AA3i3hb;;BBKPLyt	BBUbdJN;;BBIdY6V	BBUkAzR;BBOoDSm
user_694	AA3i3hb;;AA8X1Au	BBUbdJN;;BBVSjd1	BBUkAzR;AABGH82
user_695	AA3i3hb;;BBGk7uy	BBUbdJN;;AAAASQL	BBUkAzR;BBV1Sye
user_696	AA3i3hb;;AA2eTBe	BBUbdJN;;AAARpcX	BBUkAzR;AArnRKI
user_697	AA3i3hb;;AABRuxD	BBUbdJN;;AAAtcpS	BBUkAzR;BBV894B
user_698	AA3i3hb;;AAAO4pd	BBUbdJN;;AAxXrqD	BBUkAzR;AAANCDc
user_699	AA3i3hb;;BBUojmR	BBUbdJN;;AAB69ip	BBUkAzR;BBV894B
