user_400	AA3i3hb;BBLSQ3o	BBUbdJN;BBV71BM	BBUkAzR;BBJ963r
user_401	AA3i3hb;BBV894B	BBUbdJN;AABJILs	BBUkAzR;BBMiarN
user_402	AA3i3hb;BBV3BKC	BBUbdJN;AAAcG3S	BBUkAzR;AAAtcpS
user_403	AA3i3hb;BBIzno8	BBUbdJN;BB100YVl	BBUkAzR;BBL9Ih9
user_404	AA3i3hb;AAv4n0c	BBUbdJN;BBVSf5i	BBUkAzR;BBV4YU5
user_405	AA3i3hb;BBUgEu2	BBUbdJN;AAARCpt	BBUkAzR;AAvNkM0
user_406	AA3i3hb;AAsurj6	BBUbdJN;BBLwB05	BBUkAzR;AAyADni
user_407	AA3i3hb;BBMWWXk	BBUbdJN;AArWO54	BBUkAzR;BBMA2Cr
user_408	AA3i3hb;BBN0NAK	BBUbdJN;AABRuxD	BBUkAzR;BBLF0Gc
user_409	AA3i3hb;AAB2iuR	BBUbdJN;AAB2j3e	BBUkAzR;BBMXMHI
user_410	AA3i3hb;AAAZ3SN	BBUbdJN;AAB9dOB	BBUkAzR;AA3a5Ia
user_411	AA3i3hb;AABHWVu	BBUbdJN;BBLZ3n0	BBUkAzR;BBJTQ6I
user_412	AA3i3hb;BBHwetM	BBUbdJN;AAyN37H	BBUkAzR;AAzMwyp
user_413	AA3i3hb;BBUawlm	BBUbdJN;AAwA9lA	BBUkAzR;BBV4fjE
user_414	AA3i3hb;BBV3BKC	BBUbdJN;AAB5RFI	BBUkAzR;BB100N6g
user_415	AA3i3hb;AAvKkO1	BBUbdJN;BBM4c2a	BBUkAzR;AAAYpAW
user_416	AA3i3hb;AAARL6T	BBUbdJN;BBMXL6V	BBUkAzR;BBV6cLI
user_417	AA3i3hb;AAw0UUH	BBUbdJN;BBVEVeo	BBUkAzR;BBUasXo
user_418	AA3i3hb;AAxXrqD	BBUbdJN;AAAR7gM	BBUkAzR;BBDv9IT
user_419	AA3i3hb;BBV4fjE	BBUbdJN;AA4VInT	BBUkAzR;BBV5WXI
user_420	AA3i3hb;AAATuMd	BBUbdJN;AAxF8nT	BBUkAzR;BBMHYHC
user_421	AA3i3hb;BBUgFWE	BBUbdJN;BBV4elZ	BBUkAzR;AAADQlB
user_422	AA3i3hb;AA2gs73	BBUbdJN;BB100FCF	BBUkAzR;BBGgFfH
user_423	AA3i3hb;AAv4n0c	BBUbdJN;AABDHTv	BBUkAzR;BBNcDBd
user_424	AA3i3hb;BBNYxiX	BBUbdJN;AAAvJEv	BBUkAzR;BBMTKyQ
user_425	AA3i3hb;BBHLQtE	BBUbdJN;AAsevdg	BBUkAzR;AAxOeQ4
user_426	AA3i3hb;AAAcG3S	BBUbdJN;AA85LCJ	BBUkAzR;AAAOsM0
user_427	AA3i3hb;AAAZd20	BBUbdJN;AA4VBvU	BBUkAzR;AAAdAn8
user_428	AA3i3hb;AAyN37H	BBUbdJN;AAvL9ds	BBUkAzR;BBGk7uy
user_429	AA3i3hb;BBNwUmh	BBUbdJN;BBUawlm	BBUkAzR;AAy7GfC
user_430	AA3i3hb;BBNYBjr	BBUbdJN;AAyN37H	BBUkAzR;BBDWniw
user_431	AA3i3hb;AAyAKTH	BBUbdJN;BBMFvW0	BBUkAzR;BBV4elZ
user_432	AA3i3hb;BBL6vWz	BBUbdJN;AAx0Vlx	BBUkAzR;BBLsyWp
user_433	AA3i3hb;AAAASQL	BBUbdJN;AAAvJEv	BBUkAzR;BBMFM09
user_434	AA3i3hb;BBN9xcZ	BBUbdJN;BBOtp3v	BBUkAzR;BBNRGhy
user_435	AA3i3hb;BBN7eiN	BBUbdJN;AAweMwJ	BBUkAzR;AA9npVj
user_436	AA3i3hb;BBMXL6V	BBUbdJN;BB1009hG	BBUkAzR;BBV5WXI
user_437	AA3i3hb;BBV4zz7	BBUbdJN;BBNc2I7	BBUkAzR;AAARviJ
user_438	AA3i3hb;BBMygGa	BBUbdJN;BBHO6dr	BBUkAzR;BBM4c2a
user_439	AA3i3hb;AAARGsX	BBUbdJN;AAvXr8T	BBUkAzR;AAAWpRv
user_440	AA3i3hb;AAB3hqW	BBUbdJN;BBUuibK	BBUkAzR;BBV894B
user_441	AA3i3hb;AAyy9gw	BBUbdJN;BBNYxiX	BBUkAzR;BBLsyWp
user_442	AA3i3hb;BBHLQtE	BBUbdJN;AAAMySP	BBUkAzR;BBVYlgd
user_443	AA3i3hb;BBMiarN	BBUbdJN;AArnRKI	BBUkAzR;BBLHZ7H
user_444	AA3i3hb;AA8lMqC	BBUbdJN;AAAZ3SN	BBUkAzR;BBVSf5i
user_445	AA3i3hb;AAAF8Ww	BBUbdJN;AAxXuir	BBUkAzR;BBUojmR
user_446	AA3i3hb;AA3fApc	BBUbdJN;BBMB5u5	BBUkAzR;AAwhqjD
user_447	AA3i3hb;AAAZi8t	BBUbdJN;AA4VInT	BBUkAzR;AABW7Z7
user_448	AA3i3hb;BB100HPz	BBUbdJN;BBVQT2P	BBUkAzR;BBOsyuJ
user_449	AA3i3hb;AAAZkwq	BBUbdJN;BBV5WXI	BBUkAzR;BBLIXmS
user_450	AA3i3hb;BBNYBjr	BBUbdJN;BBJTQ6I	BBUkAzR;AAv7lDX
user_451	AA3i3hb;AAwTTtM	BBUbdJN;BBIaCq5	BBUkAzR;BBNf8oK
user_452	AA3i3hb;BBUgFWE	BBUbdJN;BBUpBMa	BBUkAzR;BBVT81D
user_453	AA3i3hb;BBMe8DV	BBUbdJN;BB100IjZ	BBUkAzR;AAAvJEv
user_454	AA3i3hb;AAARruy	BBUbdJN;BBVjtjw	BBUkAzR;AA3gfvH
user_455	AA3i3hb;AAALMuJ	BBUbdJN;BBUbdJN	BBUkAzR;BBLEWTA
user_456	AA3i3hb;AAAZd20	BBUbdJN;BBVJL7v	BBUkAzR;AAuGRQP
user_457	AA3i3hb;AAADukn	BBUbdJN;BBVYlgd	BBUkAzR;BBV1dH0
user_458	AA3i3hb;AAB96FM	BBUbdJN;BBNf8oK	BBUkAzR;AAACETv
user_459	AA3i3hb;BBMygGa	BBUbdJN;BBNS2z7	BBUkAzR;AAyADoH
user_460	AA3i3hb;AAB8TGp	BBUbdJN;BBKvmih	BBUkAzR;AAAZi8t
user_461	AA3i3hb;BBVQfhU	BBUbdJN;AAxqWo3	BBUkAzR;BBLuDsT
user_462	AA3i3hb;BBUawlm	BBUbdJN;BBLZ3n0	BBUkAzR;AAADQlB
user_463	AA3i3hb;BBV5WXI	BBUbdJN;AAB96FM	BBUkAzR;BBLHZ7H
user_464	AA3i3hb;BBMFM09	BBUbdJN;BBEKZa9	BBUkAzR;AArnRKI
user_465	AA3i3hb;BBLT5vU	BBUbdJN;BBUrbKT	BBUkAzR;BBV1dH0
user_466	AA3i3hb;BB100FCF	BBUbdJN;BBV2YJR	BBUkAzR;AA5bw9B
user_467	AA3i3hb;AAANign	BBUbdJN;BB100PnO	BBUkAzR;BBORW98
user_468	AA3i3hb;BBM4c2a	BBUbdJN;BBV4zz7	BBUkAzR;AA5bw9B
user_469	AA3i3hb;BBV5WXI	BBUbdJN;BBHwetM	BBUkAzR;AAzgHgu
user_470	AA3i3hb;BBV1dH0	BBUbdJN;BBN0AuL	BBUkAzR;BBUbdJN
user_471	AA3i3hb;BBEY0sP	BBUbdJN;AAu2Zc2	BBUkAzR;BBMygGa
user_472	AA3i3hb;AAyADnD	BBUbdJN;AAy1Qm9	BBUkAzR;BBVZkn0
user_473	AA3i3hb;BBVFiDd	BBUbdJN;BBLzxW3	BBUkAzR;AAAOiNg
user_474	AA3i3hb;BBV1ppM	BBUbdJN;BBHLQtE	BBUkAzR;AAv7lDX
user_475	AA3i3hb;AAAsIkq	BBUbdJN;BBVGoI2	BBUkAzR;AAtnEW6
user_476	AA3i3hb;AAB2j3e	BBUbdJN;AAAM6VA	BBUkAzR;AABJILs
user_477	AA3i3hb;AA3hFc6	BBUbdJN;AAtVp0r	BBUkAzR;BBNYnWJ
user_478	AA3i3hb;BBMFPNi	BBUbdJN;AA4VInT	BBUkAzR;BBL6vWz
user_479	AA3i3hb;BBVSq8f	BBUbdJN;BB100IjZ	BBUkAzR;BBMi4WK
user_480	AA3i3hb;AAw0UUH	BBUbdJN;BBGvfOS	BBUkAzR;AAyeTVF
user_481	AA3i3hb;BBNcDBd	BBUbdJN;BBV1dH0	BBUkAzR;BBOTCVl
user_482	AA3i3hb;AAAcG3S	BBUbdJN;AAAO4pd	BBUkAzR;AAzRkaY
user_483	AA3i3hb;BBMe8DV	BBUbdJN;BBMHokT	BBUkAzR;BBOthIn
user_484	AA3i3hb;AAx8xEK	BBUbdJN;BBNaIrb	BBUkAzR;AAsevdg
user_485	AA3i3hb;BBN0AuL	BBUbdJN;BBLkc0L	BBUkAzR;AAA7oHF
user_486	AA3i3hb;AA2ISfW	BBUbdJN;BBIaCq5	BBUkAzR;AAB96FM
user_487	AA3i3hb;AAwfVUE	BBUbdJN;AAApGWa	BBUkAzR;BBV1Evc
user_488	AA3i3hb;AAAOoQT	BBUbdJN;AAw0UUH	BBUkAzR;BBLEWTA
user_489	AA3i3hb;BBVGoI2	BBUbdJN;BBIL0CC	BBUkAzR;AAAZ5xA
user_490	AA3i3hb;AA3fe19	BBUbdJN;BBIdbe0	BBUkAzR;BBLkc0L
user_491	AA3i3hb;BBJ3fVO	BBUbdJN;BBHuIzA	BBUkAzR;AArnRKI
user_492	AA3i3hb;BBFXt5V	BBUbdJN;BBL6CAZ	BBUkAzR;BBMFQdT
user_493	AA3i3hb;AAxnVFg	BBUbdJN;AAApGWa	BBUkAzR;AAAZdwT
user_494	AA3i3hb;BBH9KRa	BBUbdJN;BBLjMHu	BBUkAzR;BBVSktv
user_495	AA3i3hb;BBL6kTL	BBUbdJN;BBMiarN	BBUkAzR;AAxYab2
user_496	AA3i3hb;AAAogC5	BBUbdJN;AABYiwg	BBUkAzR;AAwTTtM
user_497	AA3i3hb;BBMVoOL	BBUbdJN;AAwfVUE	BBUkAzR;AAANign
user_498	AA3i3hb;AAwTTtM	BBUbdJN;AAv1HhQ	BBUkAzR;BBV1Nzg
user_499	AA3i3hb;AAyAKUa	BBUbdJN;BBLsRAt	BBUkAzR;BBLLcb7
user_500	AA3i3hb;BBVPE58	BBUbdJN;AAARaTv	BBUkAzR;AAwQoQy
user_501	AA3i3hb;BBKYPI0	BBUbdJN;BBNFjp8	BBUkAzR;BBUvu4V
user_502	AA3i3hb;BBOtp3v	BBUbdJN;AAA0qq0	BBUkAzR;AAAZ3SN
user_503	AA3i3hb;AAAZd20	BBUbdJN;AAv4n0c	BBUkAzR;AAxF8nT
user_504	AA3i3hb;BBVT81D	BBUbdJN;BBV4YU5	BBUkAzR;AAyADnw
user_505	AA3i3hb;AAAMfsk	BBUbdJN;BBV4zz7	BBUkAzR;AAxl48x
user_506	AA3i3hb;AAATuMd	BBUbdJN;AA9npVj	BBUkAzR;AAAOrHc
user_507	AA3i3hb;AArWDxX	BBUbdJN;BBL6vWz	BBUkAzR;BBORW98
user_508	AA3i3hb;BBVNEMA	BBUbdJN;AAADukn	BBUkAzR;BBGLGrn
user_509	AA3i3hb;AAyAKTH	BBUbdJN;AAARmnD	BBUkAzR;AAAASQL
user_510	AA3i3hb;BBMJwbb	BBUbdJN;BBOoDSm	BBUkAzR;BBIwOYv
user_511	AA3i3hb;BBUq5wh	BBUbdJN;AAtnEW6	BBUkAzR;AABbD1C
user_512	AA3i3hb;AA3gpLN	BBUbdJN;BBIaCq5	BBUkAzR;BB100FCF
user_513	AA3i3hb;AA9npVj	BBUbdJN;AAAQUuk	BBUkAzR;AA4VInT
user_514	AA3i3hb;BBKYPI0	BBUbdJN;BBOU2yT	BBUkAzR;AA2gs73
user_515	AA3i3hb;BBVZkn0	BBUbdJN;AAv1HhQ	BBUkAzR;BBMwCS8
user_516	AA3i3hb;AAAFdFZ	BBUbdJN;BBMdSnO	BBUkAzR;BBId9nm
user_517	AA3i3hb;AAzgHgu	BBUbdJN;BB1009hG	BBUkAzR;AAAQUuk
user_518	AA3i3hb;BBVAcD5	BBUbdJN;AAvKkO1	BBUkAzR;BBMygGa
user_519	AA3i3hb;AAxYab2	BBUbdJN;BBVSjd1	BBUkAzR;BBLHZ7H
user_520	AA3i3hb;BBUq5wh	BBUbdJN;AAxl48x	BBUkAzR;BBMEtDi
user_521	AA3i3hb;AAv4n0c	BBUbdJN;BBKQA09	BBUkAzR;AAqkbhx
user_522	AA3i3hb;BBLuDsT	BBUbdJN;AAAogC5	BBUkAzR;AAAZkwq
user_523	AA3i3hb;BBMFttU	BBUbdJN;BBMBEtM	BBUkAzR;AAsgkkY
user_524	AA3i3hb;AAARL6T	BBUbdJN;BBUgeaU	BBUkAzR;BBFncaK
user_525	AA3i3hb;BBVQVOk	BBUbdJN;BBVSq8f	BBUkAzR;BBMvpSD
user_526	AA3i3hb;BBV5WXI	BBUbdJN;BBLrAmc	BBUkAzR;AAuJwxQ
user_527	AA3i3hb;AAAZ3SN	BBUbdJN;BBL6AZc	BBUkAzR;BBHriZh
user_528	AA3i3hb;BBMi5ey	BBUbdJN;BBV6cLI	BBUkAzR;BBMRGoj
user_529	AA3i3hb;BBVKYPA	BBUbdJN;AAuP7ue	BBUkAzR;BBVNFvj
user_530	AA3i3hb;AAwTTtM	BBUbdJN;BBLRPbG	BBUkAzR;AABKIuj
user_531	AA3i3hb;BBLuDsT	BBUbdJN;AAwr9Xz	BBUkAzR;BBLsRAt
user_532	AA3i3hb;AAA7oHF	BBUbdJN;BBNkt7C	BBUkAzR;BBLD170
user_533	AA3i3hb;BBL2uNw	BBUbdJN;AAyADoH	BBUkAzR;AArnRKI
user_534	AA3i3hb;AAxXp14	BBUbdJN;BBHLQtE	BBUkAzR;AAAsIkq
user_535	AA3i3hb;BBVSktv	BBUbdJN;BBMRGoj	BBUkAzR;AAyAPVN
user_536	AA3i3hb;AAB69ip	BBUbdJN;BBNhGI1	BBUkAzR;BBUrbKT
user_537	AA3i3hb;BBEKb2q	BBUbdJN;AAARviJ	BBUkAzR;BBLT5vU
user_538	AA3i3hb;AABW7Z7	BBUbdJN;BBLsyWp	BBUkAzR;BBKZ16M
user_539	AA3i3hb;AAARaTv	BBUbdJN;BBGim3y	BBUkAzR;AAB2j3e
user_540	AA3i3hb;BBHriZh	BBUbdJN;BBLnEkX	BBUkAzR;AAAHUdZ
user_541	AA3i3hb;AAApGWa	BBUbdJN;AAvKoOa	BBUkAzR;AAsgkkY
user_542	AA3i3hb;BBGgysX	BBUbdJN;BBVJL7v	BBUkAzR;BBL6QWY
user_543	AA3i3hb;BBNT7UF	BBUbdJN;BBGjJRO	BBUkAzR;AA3ggk0
user_544	AA3i3hb;BBV4YU5	BBUbdJN;BBLsRAt	BBUkAzR;BBLDqj4
user_545	AA3i3hb;AAsgkkY	BBUbdJN;BBLCOcI	BBUkAzR;BBV1Evc
user_546	AA3i3hb;AAAOIxS	BBUbdJN;BBDWniw	BBUkAzR;AAALMuJ
user_547	AA3i3hb;AAuu5er	BBUbdJN;AA5bCkb	BBUkAzR;AAxYab2
user_548	AA3i3hb;AAvKr4V	BBUbdJN;AAARviJ	BBUkAzR;AAqkbhx
user_549	AA3i3hb;BBVF8u8	BBUbdJN;AAxZgFU	BBUkAzR;BBKPLyt
user_550	AA3i3hb;AAARmnD	BBUbdJN;BBMB5u5	BBUkAzR;AABKIuj
user_551	AA3i3hb;BBMFQdT	BBUbdJN;AAB96FM	BBUkAzR;BBLAntn
user_552	AA3i3hb;BBEKb2q	BBUbdJN;AAAgDqT	BBUkAzR;BBVFacd
user_553	AA3i3hb;BBV1Evc	BBUbdJN;BBEKb2q	BBUkAzR;AAAZd20
user_554	AA3i3hb;BBV5WXI	BBUbdJN;BBUq5wh	BBUkAzR;BBMAcho
user_555	AA3i3hb;AAB5HVc	BBUbdJN;AA3fRp5	BBUkAzR;AAATRJv
user_556	AA3i3hb;AAA0qq0	BBUbdJN;BBHwnKx	BBUkAzR;BBNca9o
user_557	AA3i3hb;BBND51v	BBUbdJN;BBOwH0B	BBUkAzR;AAvNkM0
user_558	AA3i3hb;AAzW6h1	BBUbdJN;AAsevdg	BBUkAzR;AAsQvKB
user_559	AA3i3hb;BBVNEMA	BBUbdJN;AAxF8nT	BBUkAzR;AAxXAye
user_560	AA3i3hb;BBEY0sP	BBUbdJN;BBV1dH0	BBUkAzR;AAAYpAW
user_561	AA3i3hb;BBHLQtE	BBUbdJN;AAATk1K	BBUkAzR;AAzMwyp
user_562	AA3i3hb;BBMZWbw	BBUbdJN;BBL6kTL	BBUkAzR;AAvfuF2
user_563	AA3i3hb;BBVSjd1	BBUbdJN;BBV3BKC	BBUkAzR;AAAsIkq
user_564	AA3i3hb;BBJVL0J	BBUbdJN;AAy1Qm9	BBUkAzR;AAxOeQ4
user_565	AA3i3hb;AA3gpLN	BBUbdJN;BBUasXo	BBUkAzR;BBVlo2w
user_566	AA3i3hb;AAyAKUa	BBUbdJN;BBMRGoj	BBUkAzR;AAtVp0r
user_567	AA3i3hb;BBVSjd1	BBUbdJN;AAB5RFI	BBUkAzR;BBMwCS8
user_568	AA3i3hb;BBHuIzA	BBUbdJN;AAwQoQy	BBUkAzR;BBLD170
user_569	AA3i3hb;BBEKb2q	BBUbdJN;BBLT5vU	BBUkAzR;AAvNkM0
user_570	AA3i3hb;AAxqWo3	BBUbdJN;BBGgysX	BBUkAzR;BBLpup5
user_571	AA3i3hb;AAyADnw	BBUbdJN;AAATRJv	BBUkAzR;BBV4fIV
user_572	AA3i3hb;AAuu5er	BBUbdJN;BBIVF4U	BBUkAzR;BBV4zz7
user_573	AA3i3hb;AAsgkkY	BBUbdJN;BBUYaFK	BBUkAzR;AAtnEW6
user_574	AA3i3hb;BBMHYHC	BBUbdJN;BBVCYjd	BBUkAzR;BBNYxiX
user_575	AA3i3hb;BBNYBjr	BBUbdJN;BBMEtDi	BBUkAzR;BBGgysX
user_576	AA3i3hb;BBGvfOS	BBUbdJN;AA3bhGW	BBUkAzR;BBVNEMA
user_577	AA3i3hb;BBKPLyt	BBUbdJN;BBLZ3n0	BBUkAzR;BBGim3y
user_578	AA3i3hb;AAwhqjD	BBUbdJN;BBV71BM	BBUkAzR;BBUbdJN
user_579	AA3i3hb;BBKyR1L	BBUbdJN;BBOtyok	BBUkAzR;BBMi5bl
user_580	AA3i3hb;BBN7eiN	BBUbdJN;BBVSq8f	BBUkAzR;AAxYab2
user_581	AA3i3hb;BBND51v	BBUbdJN;AAAsIkq	BBUkAzR;BBMzs4Z
user_582	AA3i3hb;AAARruy	BBUbdJN;AABG8UE	BBUkAzR;BBV1Nzg
user_583	AA3i3hb;BBMVoOL	BBUbdJN;BBHnGQc	BBUkAzR;AAAOsM0
user_584	AA3i3hb;AAAFdFZ	BBUbdJN;AAsQvKB	BBUkAzR;BBLT5vU
user_585	AA3i3hb;AAyiDLG	BBUbdJN;BBVQfhU	BBUkAzR;BBV1Nzg
user_586	AA3i3hb;AAAFGsN	BBUbdJN;AABKX9K	BBUkAzR;BBMFQdT
user_587	AA3i3hb;BBL6W4H	BBUbdJN;BBVlo2w	BBUkAzR;AAyzOlr
user_588	AA3i3hb;AABGTFJ	BBUbdJN;BBUrbKT	BBUkAzR;BBMYv4d
user_589	AA3i3hb;BBMe8DV	BBUbdJN;AAALMuJ	BBUkAzR;BBL6vWz
user_590	AA3i3hb;BBUcPfJ	BBUbdJN;AAARGsX	BBUkAzR;BBN9xcZ
user_591	AA3i3hb;AAA7oHF	BBUbdJN;BBOthIn	BBUkAzR;BBLiEQ4
user_592	AA3i3hb;BBL0xLh	BBUbdJN;AAxN4SL	BBUkAzR;BBNwUmh
user_593	AA3i3hb;BBVEbo2	BBUbdJN;BBUawlm	BBUkAzR;AAzRkaY
user_594	AA3i3hb;BBMTKyQ	BBUbdJN;AA3a5Ia	BBUkAzR;AAARJJ2
user_595	AA3i3hb;BBVPE58	BBUbdJN;AArwsEO	BBUkAzR;BBVctFt
user_596	AA3i3hb;BBV2YJR	BBUbdJN;AAACETv	BBUkAzR;BBHwetM
user_597	AA3i3hb;BBLLcb7	BBUbdJN;BBLHEz5	BBUkAzR;BBKPLyt
user_598	AA3i3hb;BBLZ3n0	BBUbdJN;BBN0AuL	BBUkAzR;AArnRKI
user_599	AA3i3hb;BBVCYjd	BBUbdJN;BBV4YU5	BBUkAzR;BBMKfHB
user_600	AA3i3hb;AAB8Llw	BBUbdJN;AAAgDqT	BBUkAzR;AAA0qq0
user_601	AA3i3hb;BBUvu4V	BBUbdJN;AAu2Zc2	BBUkAzR;BBLuDsT
user_602	AA3i3hb;BBO1cwm	BBUbdJN;BBUtASG	BBUkAzR;BBF3RTF
user_603	AA3i3hb;AA2qznx	BBUbdJN;BBV4zz7	BBUkAzR;BBJI1dB
user_604	AA3i3hb;AA8lMqC	BBUbdJN;AAAF8Ww	BBUkAzR;BBUvu4V
user_605	AA3i3hb;AAB5HVc	BBUbdJN;BBLzxW3	BBUkAzR;BBLwB05
user_606	AA3i3hb;AAtVp0r	BBUbdJN;BBV1ppM	BBUkAzR;AAuOQ0L
user_607	AA3i3hb;BBVR0K0	BBUbdJN;BBMi5bl	BBUkAzR;AAATGya
user_608	AA3i3hb;BBDmzK7	BBUbdJN;AABAsBx	BBUkAzR;BBGjJRO
user_609	AA3i3hb;AA3ggk0	BBUbdJN;AAAKyNl	BBUkAzR;BBHriZh
user_610	AA3i3hb;BBVctFt	BBUbdJN;BBDmzK7	BBUkAzR;AAAdAn8
user_611	AA3i3hb;AAxXoXX	BBUbdJN;BBVNEMA	BBUkAzR;AAyAS4w
user_612	AA3i3hb;BBV1Sye	BBUbdJN;AAth6aY	BBUkAzR;AAB25cr
user_613	AA3i3hb;BBN9xcZ	BBUbdJN;AAwrGv8	BBUkAzR;BBUgFWE
user_614	AA3i3hb;AAAOrHc	BBUbdJN;AAB9dcY	BBUkAzR;BBUoXbO
user_615	AA3i3hb;AAuu5er	BBUbdJN;AAxl48x	BBUkAzR;AA3ggk0
user_616	AA3i3hb;AABGH82	BBUbdJN;AAAROdV	BBUkAzR;BBMe8DV
user_617	AA3i3hb;AAwhqjD	BBUbdJN;AA3i3hb	BBUkAzR;BBGKNlv
user_618	AA3i3hb;AAwfVUE	BBUbdJN;BBGgysX	BBUkAzR;BBOTCVl
user_619	AA3i3hb;BBUpBMa	BBUbdJN;AAyAPVN	BBUkAzR;AAAgDqT
user_620	AA3i3hb;BBDmzK7	BBUbdJN;AAxOeQ4	BBUkAzR;AAvXr8T
user_621	AA3i3hb;BBUktpj	BBUbdJN;AAB2iuR	BBUkAzR;BBVPE58
user_622	AA3i3hb;BBL6W4H	BBUbdJN;AAxXuir	BBUkAzR;BBNf8oK
user_623	AA3i3hb;AA3hFc6	BBUbdJN;BBVYlgd	BBUkAzR;AAAZkwq
user_624	AA3i3hb;BBMVoOL	BBUbdJN;BBL9Ih9	BBUkAzR;AAAcG3S
user_625	AA3i3hb;AAATuMd	BBUbdJN;AAylz6W	BBUkAzR;BBVQfhU
user_626	AA3i3hb;BBM4c2a	BBUbdJN;AAwyZza	BBUkAzR;AA3gfvH
user_627	AA3i3hb;AAyN37H	BBUbdJN;AAAWOYZ	BBUkAzR;BBMJwbb
user_628	AA3i3hb;BBVjypU	BBUbdJN;BBDv9IT	BBUkAzR;AAxXoXX
user_629	AA3i3hb;BBIwOYv	BBUbdJN;BBKh2ML	BBUkAzR;BBKyR1L
user_630	AA3i3hb;BBLEWTA	BBUbdJN;AAAOiNg	BBUkAzR;AA9npVj
user_631	AA3i3hb;BBNTrPF	BBUbdJN;BBVEVeo	BBUkAzR;AABGZJn
user_632	AA3i3hb;BBIq49J	BBUbdJN;BBV71BM	BBUkAzR;BBUcPfJ
user_633	AA3i3hb;BBLjMHu	BBUbdJN;AA2eTBe	BBUkAzR;AAAHUdZ
user_634	AA3i3hb;AAAgDqT	BBUbdJN;AAxl48x	BBUkAzR;BBVSktv
user_635	AA3i3hb;BBGLGrn	BBUbdJN;AAARCpt	BBUkAzR;BBKZ16M
user_636	AA3i3hb;AAANign	BBUbdJN;AAvfxhN	BBUkAzR;BBFncaK
user_637	AA3i3hb;BBVNEMA	BBUbdJN;AAsesZq	BBUkAzR;AA4Tc3G
user_638	AA3i3hb;AAvKr4V	BBUbdJN;BBUawlm	BBUkAzR;AAyADoH
user_639	AA3i3hb;BBNZaKA	BBUbdJN;BBMB5u5	BBUkAzR;AA3gf2C
user_640	AA3i3hb;BBV1Sye	BBUbdJN;BBMTKyQ	BBUkAzR;AAsQvKB
user_641	AA3i3hb;AAyADnD	BBUbdJN;BBKQA09	BBUkAzR;BBFXt5V
user_642	AA3i3hb;BB100HPz	BBUbdJN;BBUgeaU	BBUkAzR;BBMCoHF
user_643	AA3i3hb;BBMA2Cr	BBUbdJN;BBMZWbw	BBUkAzR;AAAMfsk
user_644	AA3i3hb;BBVI2Ci	BBUbdJN;BBMoFtL	BBUkAzR;BBV1Evc
user_645	AA3i3hb;AAAM6Jx	BBUbdJN;AAyAKTH	BBUkAzR;BBUojmR
user_646	AA3i3hb;AAtEqjb	BBUbdJN;BBO1cwm	BBUkAzR;BBMFvW0
user_647	AA3i3hb;AA9npVj	BBUbdJN;AAvfI8G	BBUkAzR;AAsesZq
user_648	AA3i3hb;AAAgGcl	BBUbdJN;BBUkAzR	BBUkAzR;AAsgkkY
user_649	AA3i3hb;BBVJL7v	BBUbdJN;AAxL9NH	BBUkAzR;AA3hFc6
user_650	AA3i3hb;BBGk7uy	BBUbdJN;BBL6CAZ	BBUkAzR;AAAOsM0
user_651	AA3i3hb;AAAgGcl	BBUbdJN;AAB2EcG	BBUkAzR;AAvL9ds
user_652	AA3i3hb;BBMCoHF	BBUbdJN;BBGMYEq	BBUkAzR;BBMFvW0
user_653	AA3i3hb;AAATRJv	BBUbdJN;BBKStQc	BBUkAzR;BBIzno8
user_654	AA3i3hb;AABYiwg	BBUbdJN;AAB5RFI	BBUkAzR;BBVSq8f
user_655	AA3i3hb;AAyADo0	BBUbdJN;AABGZJn	BBUkAzR;AAB6hqa
user_656	AA3i3hb;BBLHWzM	BBUbdJN;BBJdoAY	BBUkAzR;BBJiVaa
user_657	AA3i3hb;BBLAgxA	BBUbdJN;AAA7oHF	BBUkAzR;AA4Tc3G
user_658	AA3i3hb;BBVFn5b	BBUbdJN;AAwr9Xz	BBUkAzR;BBLpup5
user_659	AA3i3hb;BBMFM09	BBUbdJN;AA8lMqC	BBUkAzR;AAARruy
user_660	AA3i3hb;BBLHWzM	BBUbdJN;BBNFjp8	BBUkAzR;BBNwUmh
user_661	AA3i3hb;AA3hFc6	BBUbdJN;BBVhV5z	BBUkAzR;AAy2kZX
user_662	AA3i3hb;AAuP7ue	BBUbdJN;AAsevdg	BBUkAzR;AAvKr4V
user_663	AA3i3hb;BBUuibK	BBUbdJN;BBVFacd	BBUkAzR;AA3gf2C
user_664	AA3i3hb;AAy1Qm9	BBUbdJN;AAA7oHF	BBUkAzR;AAAZ3SN
user_665	AA3i3hb;AAyADni	BBUbdJN;BBVSktv	BBUkAzR;BBNZaKA
user_666	AA3i3hb;BBL6AZc	BBUbdJN;AAAWOYZ	BBUkAzR;BBNYxiX
user_667	AA3i3hb;AA3fe19	BBUbdJN;BBMiarN	BBUkAzR;BBGgysX
user_668	AA3i3hb;BBV4fjE	BBUbdJN;BB100FCF	BBUkAzR;BBFXt5V
user_669	AA3i3hb;AAwEPYW	BBUbdJN;AA3fApc	BBUkAzR;BBMFvW0
user_670	AA3i3hb;BBLwB05	BBUbdJN;AA2eTBe	BBUkAzR;AAAHUdZ
user_671	AA3i3hb;AAADukn	BBUbdJN;BBHriZh	BBUkAzR;BBUoXbO
user_672	AA3i3hb;BBVI2Ci	BBUbdJN;BBLEWTA	BBUkAzR;AA2guvq
user_673	AA3i3hb;BBV71BM	BBUbdJN;AAx8xEK	BBUkAzR;BBMHokT
user_674	AA3i3hb;AAB5RFI	BBUbdJN;BBLHZ7H	BBUkAzR;BBNwUmh
user_675	AA3i3hb;AAB2iuR	BBUbdJN;AA85LCJ	BBUkAzR;BBMRGoj
user_676	AA3i3hb;BBIdY6V	BBUbdJN;AAB2j3e	BBUkAzR;BBL6W4H
user_677	AA3i3hb;AA3gfvH	BBUbdJN;BBHO6dr	BBUkAzR;AAwyZza
user_678	AA3i3hb;BBUq5wh	BBUbdJN;BBUpBMa	BBUkAzR;AAvKr4V
user_679	AA3i3hb;BBVR0K0	BBUbdJN;AAx8xEK	BBUkAzR;AA3fApc
user_680	AA3i3hb;BBORW98	BBUbdJN;BBVNKNc	BBUkAzR;BBVXzDV
user_681	AA3i3hb;BBMi4WK	BBUbdJN;AA9npVj	BBUkAzR;AAB2iuR
user_682	AA3i3hb;BBMi5ey	BBUbdJN;BBMwCS8	BBUkAzR;AAyzOlr
user_683	AA3i3hb;BBMHYHC	BBUbdJN;BBOtyok	BBUkAzR;AAuGRQP
user_684	AA3i3hb;AAvfuF2	BBUbdJN;BBOtyok	BBUkAzR;AAB5HVc
user_685	AA3i3hb;BBL2uNw	BBUbdJN;AA3gf2C	BBUkAzR;BB100FCF
user_686	AA3i3hb;BBVjypU	BBUbdJN;BBLuDsT	BBUkAzR;BBLAgxA
user_687	AA3i3hb;AAADukn	BBUbdJN;BBJlkaq	BBUkAzR;AAB2iuR
user_688	AA3i3hb;BBUojmR	BBUbdJN;BBM4c2a	BBUkAzR;BBGLGrn
user_689	AA3i3hb;AAxXp14	BBUbdJN;BBMhA5P	BBUkAzR;BBLkwJA
user_690	AA3i3hb;AA3a5Ia	BBUbdJN;BBJdoAY	BBUkAzR;AAsQvKB
user_691	AA3i3hb;BBMwCS8	BBUbdJN;AAwr9Xz	BBUkAzR;BBHuIzA
user_692	AA3i3hb;BBHnGQc	BBUbdJN;BBUawlm	BBUkAzR;AA3bhGW
user_693	AA3i3hb;AAsurj6	BBUbdJN;AAzMwyp	BBUkAzR;AAAM6Jx
user_694	AA3i3hb;AAAcG3S	BBUbdJN;BBDv9IT	BBUkAzR;AAwTTtM
user_695	AA3i3hb;AAuJwxQ	BBUbdJN;AAwrGv8	BBUkAzR;AAth6aY
user_696	AA3i3hb;BBNTrPF	BBUbdJN;BBVEbo2	BBUkAzR;AABbD1C
user_697	AA3i3hb;BBMdSnO	BBUbdJN;AAB6hqa	BBUkAzR;BBUpBMa
user_698	AA3i3hb;AAwAhvm	BBUbdJN;AAApGWa	BBUkAzR;BBLCOcI
user_699	AA3i3hb;AAAROdV	BBUbdJN;BB100PnO	BBUkAzR;BBLEWTA
user_700	AA3i3hb;BBLiEQ4	BBUbdJN;BBUawlm	BBUkAzR;BBV1dH0
user_701	AA3i3hb;AAAsIkq	BBUbdJN;BBVPE58	BBUkAzR;BBKRX2H
user_702	AA3i3hb;AAxXuir	BBUbdJN;BBEJYF3	BBUkAzR;BBV4YU5
user_703	AA3i3hb;AAAHUdZ	BBUbdJN;AAAWpRv	BBUkAzR;BBV1Evc
user_704	AA3i3hb;BBNc2I7	BBUbdJN;BBLAgxA	BBUkAzR;AAxqWo3
user_705	AA3i3hb;AAANign	BBUbdJN;BBUawlm	BBUkAzR;BBVPE58
user_706	AA3i3hb;BBKJtyu	BBUbdJN;BBV4fIV	BBUkAzR;BBLjMHu
user_707	AA3i3hb;BBLzxW3	BBUbdJN;AAyAKST	BBUkAzR;BBN0AuL
user_708	AA3i3hb;AAARmnD	BBUbdJN;AAANCDc	BBUkAzR;AAwhqjD
user_709	AA3i3hb;BBNkt7C	BBUbdJN;AA3bhGW	BBUkAzR;BBV4elZ
user_710	AA3i3hb;BBL6kTL	BBUbdJN;BBEKZa9	BBUkAzR;AABQlEh
user_711	AA3i3hb;BBUcPfJ	BBUbdJN;BBVXK7i	BBUkAzR;AAwTTtM
user_712	AA3i3hb;BBV894B	BBUbdJN;AAAW0DF	BBUkAzR;AAvKkO1
user_713	AA3i3hb;BB100N6g	BBUbdJN;AAARwH5	BBUkAzR;BBVI2Ci
user_714	AA3i3hb;AAxYab2	BBUbdJN;AAB2iuR	BBUkAzR;BBVFn5b
user_715	AA3i3hb;AAAZoxS	BBUbdJN;BBKJtyu	BBUkAzR;AAAWpRv
user_716	AA3i3hb;BBIL0CC	BBUbdJN;BBNwUmh	BBUkAzR;BBVCYjd
user_717	AA3i3hb;AAALMuJ	BBUbdJN;AAx0Vlx	BBUkAzR;AAB9dOB
user_718	AA3i3hb;BBUasXo	BBUbdJN;AAAM6VA	BBUkAzR;BB100IjZ
user_719	AA3i3hb;AAth6aY	BBUbdJN;AAANCDc	BBUkAzR;BBNaIrb
user_720	AA3i3hb;AABKIuj	BBUbdJN;AAAT4SG	BBUkAzR;BBMoFtL
user_721	AA3i3hb;BBVJL7v	BBUbdJN;AAA0qq0	BBUkAzR;AAxnxl0
user_722	AA3i3hb;AAATGya	BBUbdJN;AAuGRQP	BBUkAzR;BBFXt5V
user_723	AA3i3hb;AABGTFJ	BBUbdJN;BBMbXWT	BBUkAzR;AAARwH5
user_724	AA3i3hb;AAxF8nT	BBUbdJN;AAyAKST	BBUkAzR;BBUasXo
user_725	AA3i3hb;AAB9dcY	BBUbdJN;AAv7lDX	BBUkAzR;AABDHTv
user_726	AA3i3hb;AAwUqse	BBUbdJN;BBNYxiX	BBUkAzR;AA2guvq
user_727	AA3i3hb;BBUg9Do	BBUbdJN;AAAZfdV	BBUkAzR;BBOwH0B
user_728	AA3i3hb;AA3gpLN	BBUbdJN;BBVM55R	BBUkAzR;AAAvJEv
user_729	AA3i3hb;AAyAKTH	BBUbdJN;BBVQT2P	BBUkAzR;AAB2u3I
user_730	AA3i3hb;BBIzno8	BBUbdJN;AAy1Qm9	BBUkAzR;AAAZd20
user_731	AA3i3hb;BBLHEz5	BBUbdJN;BBV1Nzg	BBUkAzR;BBLk0Zw
user_732	AA3i3hb;BBMoFtL	BBUbdJN;AAAcG3S	BBUkAzR;BBGgFfH
user_733	AA3i3hb;BBLRPbG	BBUbdJN;AAAOBDP	BBUkAzR;AAAF8Ww
user_734	AA3i3hb;AAzgHgu	BBUbdJN;AAAZ3SN	BBUkAzR;BBL2uNw
user_735	AA3i3hb;AAvNkM0	BBUbdJN;BBUktpj	BBUkAzR;AABJILs
user_736	AA3i3hb;AABJILs	BBUbdJN;BBGvfOS	BBUkAzR;AABG8UE
user_737	AA3i3hb;AABYiwg	BBUbdJN;BBV2YJR	BBUkAzR;AA3ggk0
user_738	AA3i3hb;AA5bw9B	BBUbdJN;AAtnEW6	BBUkAzR;BBOtyok
user_739	AA3i3hb;AAAT4SG	BBUbdJN;AAyADnw	BBUkAzR;AAARCpt
user_740	AA3i3hb;BBVQVOk	BBUbdJN;BBUcPfJ	BBUkAzR;BBN9xcZ
user_741	AA3i3hb;BBGKNlv	BBUbdJN;BBV3BKC	BBUkAzR;BBFXt5V
user_742	AA3i3hb;AAAZkwq	BBUbdJN;BBNc2I7	BBUkAzR;AAAOrHc
user_743	AA3i3hb;BBGgysX	BBUbdJN;BBJdoAY	BBUkAzR;BBJlkaq
user_744	AA3i3hb;BBLT5vU	BBUbdJN;AABYiwg	BBUkAzR;BBO1cwm
user_745	AA3i3hb;BBKQA09	BBUbdJN;BBUgEu2	BBUkAzR;BBNf8oK
user_746	AA3i3hb;BBMVhJ9	BBUbdJN;BBLAntn	BBUkAzR;BBORW98
user_747	AA3i3hb;AA3a5Ia	BBUbdJN;AAtEqjb	BBUkAzR;BBLIVQb
user_748	AA3i3hb;BBEWBXY	BBUbdJN;AABQDiu	BBUkAzR;AAAR7gM
user_749	AA3i3hb;AAAT4SG	BBUbdJN;BBUbdJN	BBUkAzR;AAzW6h1
user_750	AA3i3hb;AAA7oHF	BBUbdJN;AA2guvq	BBUkAzR;BBOoDSm
user_751	AA3i3hb;AAuGRQP	BBUbdJN;BBLHWzM	BBUkAzR;AAx0Vlx
user_752	AA3i3hb;AABGZJn	BBUbdJN;AABQlEh	BBUkAzR;AAAsIkq
user_753	AA3i3hb;AAxN4SL	BBUbdJN;BBLkdd0	BBUkAzR;AABHWVu
user_754	AA3i3hb;BBLpup5	BBUbdJN;BBNFjp8	BBUkAzR;AAyAKUa
user_755	AA3i3hb;BBMTKyQ	BBUbdJN;AAxnxl0	BBUkAzR;BBJVL0J
user_756	AA3i3hb;BBUgeaU	BBUbdJN;BBUtASG	BBUkAzR;AAvrWds
user_757	AA3i3hb;AAA2FeL	BBUbdJN;BBUg5Or	BBUkAzR;AArWO54
user_758	AA3i3hb;BBVQfhU	BBUbdJN;AAxnxl0	BBUkAzR;BBVPV4Z
user_759	AA3i3hb;AAATqB7	BBUbdJN;AAAM6Jx	BBUkAzR;AAwrGv8
user_760	AA3i3hb;AAqkbhx	BBUbdJN;AAsevdg	BBUkAzR;AABW7Z7
user_761	AA3i3hb;BBN7eiN	BBUbdJN;AAACETv	BBUkAzR;BBHO6dr
user_762	AA3i3hb;AAylz6W	BBUbdJN;AAxXAWa	BBUkAzR;BBNT7UF
user_763	AA3i3hb;AAATGya	BBUbdJN;AABAsBx	BBUkAzR;BBV894B
user_764	AA3i3hb;BBVMCOX	BBUbdJN;AAwTTtM	BBUkAzR;BBDmzK7
user_765	AA3i3hb;BBJ3fVO	BBUbdJN;BBOoDSm	BBUkAzR;BBVJL7v
user_766	AA3i3hb;BBMi4WK	BBUbdJN;AA5bw9B	BBUkAzR;AAAQUuk
user_767	AA3i3hb;AAxXuir	BBUbdJN;BBMZWbw	BBUkAzR;BBOTCVl
user_768	AA3i3hb;BBOoDSm	BBUbdJN;BBV4fIV	BBUkAzR;BBV71BM
user_769	AA3i3hb;BBUjjnP	BBUbdJN;BBMiarN	BBUkAzR;AAvfxhN
user_770	AA3i3hb;BBLrAmc	BBUbdJN;BBMVoOL	BBUkAzR;AAxXoXX
user_771	AA3i3hb;BBVAcD5	BBUbdJN;AAy2kZX	BBUkAzR;AAwTTtM
user_772	AA3i3hb;BBKRX2H	BBUbdJN;AAv1HhQ	BBUkAzR;AAy7GfC
user_773	AA3i3hb;AAvfI8G	BBUbdJN;BBLyKAN	BBUkAzR;AAACETv
user_774	AA3i3hb;AAsQvKB	BBUbdJN;BBMFPNi	BBUkAzR;BBGLGrn
user_775	AA3i3hb;BBVFn5b	BBUbdJN;BBOU2yT	BBUkAzR;BBVSjd1
user_776	AA3i3hb;BBMWWXk	BBUbdJN;BBVFn5b	BBUkAzR;AArWO54
user_777	AA3i3hb;BBMFPNi	BBUbdJN;BB100FCF	BBUkAzR;AAvfuF2
user_778	AA3i3hb;BBVXRjR	BBUbdJN;BBVM55R	BBUkAzR;BBMZWbw
user_779	AA3i3hb;BBLwB05	BBUbdJN;BBVF8u8	BBUkAzR;BBUjjnP
user_780	AA3i3hb;BBMoFtL	BBUbdJN;AAwEGzs	BBUkAzR;BBN0AuL
user_781	AA3i3hb;AArWDxX	BBUbdJN;BBUYaFK	BBUkAzR;BBND51v
user_782	AA3i3hb;BBUkAzR	BBUbdJN;AABRuxD	BBUkAzR;BBDv9IT
user_783	AA3i3hb;BBNXlUe	BBUbdJN;BBN0AuL	BBUkAzR;BBV3BKC
user_784	AA3i3hb;BBN0NAK	BBUbdJN;AAARdDZ	BBUkAzR;AAB96FM
user_785	AA3i3hb;BBMdSnO	BBUbdJN;AAsgkkY	BBUkAzR;AA3fe19
user_786	AA3i3hb;AAAFGsN	BBUbdJN;AAB8TGp	BBUkAzR;BBHnGQc
user_787	AA3i3hb;BBLUFYs	BBUbdJN;AArnRKI	BBUkAzR;BBVXyzp
user_788	AA3i3hb;BBOoDSm	BBUbdJN;BBDmzK7	BBUkAzR;AAyAPVN
user_789	AA3i3hb;AA9npVj	BBUbdJN;AAAASQL	BBUkAzR;AAwEPYW
user_790	AA3i3hb;BBOthIn	BBUbdJN;BBId9nm	BBUkAzR;BBJI1dB
user_791	AA3i3hb;AAxXAWa	BBUbdJN;BBH6ntg	BBUkAzR;BBV4elZ
user_792	AA3i3hb;AAyAABs	BBUbdJN;AAARGsX	BBUkAzR;AAxnxl0
user_793	AA3i3hb;BBVR0K0	BBUbdJN;AAAMdk8	BBUkAzR;BBLyKAN
user_794	AA3i3hb;BBMVoOL	BBUbdJN;AAB8TGp	BBUkAzR;AAwrGv8
user_795	AA3i3hb;BBVT81D	BBUbdJN;BBMe8DV	BBUkAzR;AAB2j3e
user_796	AA3i3hb;BBIL0CC	BBUbdJN;BBNT7UF	BBUkAzR;BBNZaKA
user_797	AA3i3hb;BBIaCq5	BBUbdJN;BBLRPbG	BBUkAzR;AABJILs
user_798	AA3i3hb;BBKQA09	BBUbdJN;BBVjypU	BBUkAzR;BBMbXWT
user_799	AA3i3hb;AAwhqjD	BBUbdJN;BB100FCF	BBUkAzR;BBMFQdT
user_800	AA3i3hb;AAARmnD	BBUbdJN;AAwUqse	BBUkAzR;AAAKyNl
user_801	AA3i3hb;BBKYPI0	BBUbdJN;AAB1Mio	BBUkAzR;BBNaIrb
user_802	AA3i3hb;BBDv9IT	BBUbdJN;BBEJYF3	BBUkAzR;AArwsEO
user_803	AA3i3hb;BBOthIn	BBUbdJN;BBNXlUe	BBUkAzR;AABJILs
user_804	AA3i3hb;AAxXp14	BBUbdJN;AAARJJ2	BBUkAzR;AAxnVFg
user_805	AA3i3hb;BBKYPI0	BBUbdJN;AAA7oHF	BBUkAzR;AAwA9lA
user_806	AA3i3hb;BBLyKAN	BBUbdJN;BBVKYPA	BBUkAzR;BBUawlm
user_807	AA3i3hb;AAyAKST	BBUbdJN;AAwfVUE	BBUkAzR;BBMwCS8
user_808	AA3i3hb;AAuOQ0L	BBUbdJN;AAv1HhQ	BBUkAzR;BBLLcb7
user_809	AA3i3hb;BBV71BM	BBUbdJN;BBLSQ3o	BBUkAzR;BBVT81D
user_810	AA3i3hb;BBUawlm	BBUbdJN;AA8lMqC	BBUkAzR;AAAROdV
user_811	AA3i3hb;AAyAKTH	BBUbdJN;BBNS2z7	BBUkAzR;AAvKr4V
user_812	AA3i3hb;BBVFacd	BBUbdJN;BBVT81D	BBUkAzR;BBOtp3v
user_813	AA3i3hb;AArWO54	BBUbdJN;BBMe8DV	BBUkAzR;AArWDxX
user_814	AA3i3hb;BB100PnO	BBUbdJN;BBEY0sP	BBUkAzR;AA5bCkb
user_815	AA3i3hb;AAARwH5	BBUbdJN;BBUawlm	BBUkAzR;AAB8TGp
user_816	AA3i3hb;AA8X1Au	BBUbdJN;AAADukn	BBUkAzR;BBLHZ7H
user_817	AA3i3hb;AAAHUdZ	BBUbdJN;AAuP7ue	BBUkAzR;AA3fApc
user_818	AA3i3hb;BBVjypU	BBUbdJN;BBOU2yT	BBUkAzR;AAxnxl0
user_819	AA3i3hb;AAAMdk8	BBUbdJN;BBL6AZc	BBUkAzR;BBNf8oK
user_820	AA3i3hb;AAAR7gM	BBUbdJN;AAAdAn8	BBUkAzR;BBMJwbb
user_821	AA3i3hb;BBMYv4d	BBUbdJN;BBHnGQc	BBUkAzR;BBNWiNe
user_822	AA3i3hb;AAy2kZX	BBUbdJN;AAwTTtM	BBUkAzR;BBKRX2H
user_823	AA3i3hb;BBLDqj4	BBUbdJN;AAyADni	BBUkAzR;AA5bCkb
user_824	AA3i3hb;BBOsyuJ	BBUbdJN;BBVQVOk	BBUkAzR;AAwEPYW
user_825	AA3i3hb;BBVSjd1	BBUbdJN;BBMe8DV	BBUkAzR;AABKX9K
user_826	AA3i3hb;BBGMYEq	BBUbdJN;AAuu5er	BBUkAzR;BBVZkn0
user_827	AA3i3hb;BB100FCF	BBUbdJN;BBMhA5P	BBUkAzR;BBFXt5V
user_828	AA3i3hb;BBGMYEq	BBUbdJN;BBNYBjr	BBUkAzR;AAAR7gM
user_829	AA3i3hb;BBMRGoj	BBUbdJN;BBUuibK	BBUkAzR;BBOthIn
user_830	AA3i3hb;AAAHUdZ	BBUbdJN;AAB2EcG	BBUkAzR;AAARL6T
user_831	AA3i3hb;AAACETv	BBUbdJN;AAxZgFU	BBUkAzR;BBL6AZc
user_832	AA3i3hb;AA4VInT	BBUbdJN;AAsurj6	BBUkAzR;AAyADoH
user_833	AA3i3hb;AAARruy	BBUbdJN;BBV4YU5	BBUkAzR;AAAR7gM
user_834	AA3i3hb;BBMB5u5	BBUbdJN;BBUg5Or	BBUkAzR;AAARdDZ
user_835	AA3i3hb;BBJCeKv	BBUbdJN;BBH6ntg	BBUkAzR;BBMKfHB
user_836	AA3i3hb;BBLrAmc	BBUbdJN;BBVQT2P	BBUkAzR;BBEKb2q
user_837	AA3i3hb;BBOtp3v	BBUbdJN;BBGKNlv	BBUkAzR;AAwrGv8
user_838	AA3i3hb;BBIVF4U	BBUbdJN;BBLkdd0	BBUkAzR;BBFncaK
user_839	AA3i3hb;BBMvpSD	BBUbdJN;AA3hFc6	BBUkAzR;BBL6kTL
user_840	AA3i3hb;AABKX9K	BBUbdJN;AAAOsM0	BBUkAzR;AAB8TGp
user_841	AA3i3hb;AAwA9lA	BBUbdJN;AAtnEW6	BBUkAzR;BBVT81D
user_842	AA3i3hb;AAADukn	BBUbdJN;AA3hFc6	BBUkAzR;BBVQfhU
user_843	AA3i3hb;AAwyZza	BBUbdJN;AAvNkM0	BBUkAzR;BBLAgxA
user_844	AA3i3hb;AAAFGsN	BBUbdJN;AAzRkaY	BBUkAzR;AAuOQ0L
user_845	AA3i3hb;BBEJYF3	BBUbdJN;BBMi5ey	BBUkAzR;BBUkAzR
user_846	AA3i3hb;AAAZd20	BBUbdJN;BBL6vWz	BBUkAzR;AAxYab2
user_847	AA3i3hb;BBNYxiX	BBUbdJN;BBIdbe0	BBUkAzR;AAvfI8G
user_848	AA3i3hb;BBMJwbb	BBUbdJN;AAAR7gM	BBUkAzR;BBUawlm
user_849	AA3i3hb;BBJlkaq	BBUbdJN;AAu2Zc2	BBUkAzR;AAATGy9
user_850	AA3i3hb;BBOsyuJ	BBUbdJN;AAARruy	BBUkAzR;BBNXlUe
user_851	AA3i3hb;BBMA2Cr	BBUbdJN;BB100PnO	BBUkAzR;AAv4n0c
user_852	AA3i3hb;AAAFdFZ	BBUbdJN;AABQDiu	BBUkAzR;BBM4c2a
user_853	AA3i3hb;BBVhV5z	BBUbdJN;BBUrbKT	BBUkAzR;BBJI1dB
user_854	AA3i3hb;AA9npVj	BBUbdJN;AAyzOlr	BBUkAzR;AAxqWo3
user_855	AA3i3hb;BBLiEQ4	BBUbdJN;AAAOiNg	BBUkAzR;BBOTCVl
user_856	AA3i3hb;AAyADnD	BBUbdJN;AAzW6h1	BBUkAzR;BBOwH0B
user_857	AA3i3hb;AA85LCJ	BBUbdJN;BBIVF4U	BBUkAzR;AAB3hqW
user_858	AA3i3hb;AA9npVj	BBUbdJN;BBMzs4Z	BBUkAzR;BBIwSPD
user_859	AA3i3hb;AAARGsX	BBUbdJN;AAtEqjb	BBUkAzR;BBGgysX
user_860	AA3i3hb;BBGim3y	BBUbdJN;BBDWniw	BBUkAzR;BBMTKyQ
user_861	AA3i3hb;AAzgHgu	BBUbdJN;BBMHokT	BBUkAzR;BBVSYWP
user_862	AA3i3hb;BBHO6dr	BBUbdJN;BBGvfOS	BBUkAzR;BBVSktv
user_863	AA3i3hb;AAAREgH	BBUbdJN;AAx8xEK	BBUkAzR;BBV894B
user_864	AA3i3hb;BBVXzDV	BBUbdJN;AAvrWds	BBUkAzR;BBUlE3c
user_865	AA3i3hb;AAth6aY	BBUbdJN;AA8X1Au	BBUkAzR;AAv4n0c
user_866	AA3i3hb;BBLSQ3o	BBUbdJN;BBLDqj4	BBUkAzR;AAB69ip
user_867	AA3i3hb;BBNYBjr	BBUbdJN;AAuJwxQ	BBUkAzR;AAxXoXX
user_868	AA3i3hb;AAtEqjb	BBUbdJN;AAAMdk8	BBUkAzR;BBOoDSm
user_869	AA3i3hb;AA3a5Ia	BBUbdJN;AAAKyNl	BBUkAzR;AABG8UE
user_870	AA3i3hb;AAsurj6	BBUbdJN;AAwzsR8	BBUkAzR;AABKX9K
user_871	AA3i3hb;BBV894B	BBUbdJN;AAAMfsk	BBUkAzR;BBUjjnP
user_872	AA3i3hb;BBJVL0J	BBUbdJN;BBV4elZ	BBUkAzR;BBMKfHB
user_873	AA3i3hb;AA3fe19	BBUbdJN;BBLAntn	BBUkAzR;BBLsyWp
user_874	AA3i3hb;BBN0NAK	BBUbdJN;BBGjJRO	BBUkAzR;BBJCeKv
user_875	AA3i3hb;AABKX9K	BBUbdJN;BBL6CAZ	BBUkAzR;BBMFvW0
user_876	AA3i3hb;AAAWOYZ	BBUbdJN;BBNwUmh	BBUkAzR;BBLHWzM
user_877	AA3i3hb;BBLAntn	BBUbdJN;AAB2u3I	BBUkAzR;BBVjtjw
user_878	AA3i3hb;BBV4zz7	BBUbdJN;AA4Tc3G	BBUkAzR;BB100N6g
user_879	AA3i3hb;AAATGy9	BBUbdJN;BBL2uNw	BBUkAzR;AA3gfvH
user_880	AA3i3hb;AABHWVu	BBUbdJN;AAAMfsk	BBUkAzR;BBMbXWT
user_881	AA3i3hb;BBMRGoj	BBUbdJN;AAAREgH	BBUkAzR;BBVNc5r
user_882	AA3i3hb;AA8X1Au	BBUbdJN;BBVNc5r	BBUkAzR;AA9npVj
user_883	AA3i3hb;AAyADnD	BBUbdJN;BBJlkaq	BBUkAzR;BBIaCq5
user_884	AA3i3hb;BBVFn5b	BBUbdJN;BBVEbo2	BBUkAzR;BBNWiNe
user_885	AA3i3hb;AAzW6h1	BBUbdJN;AABYiwg	BBUkAzR;BBEY0sP
user_886	AA3i3hb;AAARwH5	BBUbdJN;AAAZoxS	BBUkAzR;AAxqWo3
user_887	AA3i3hb;AABHWVu	BBUbdJN;AAvKoOa	BBUkAzR;BBMAcho
user_888	AA3i3hb;BBEJYF3	BBUbdJN;AAxOeQ4	BBUkAzR;BBMFQdT
user_889	AA3i3hb;AABKX9K	BBUbdJN;BBHuIzA	BBUkAzR;BBL6W4H
user_890	AA3i3hb;BBVjypU	BBUbdJN;BBMRGoj	BBUkAzR;AAARmnD
user_891	AA3i3hb;AAARL6T	BBUbdJN;BBMFQdT	BBUkAzR;AAyADni
user_892	AA3i3hb;BB1009hG	BBUbdJN;AA3gfvH	BBUkAzR;BBOU2yT
user_893	AA3i3hb;BBVNKNc	BBUbdJN;AAAREgH	BBUkAzR;AAvfuF2
user_894	AA3i3hb;AAAROdV	BBUbdJN;BBUxQNx	BBUkAzR;BBKRX2H
user_895	AA3i3hb;BBIzno8	BBUbdJN;AAAASQL	BBUkAzR;BBHwnKx
user_896	AA3i3hb;AAxDzxu	BBUbdJN;AAADQlB	BBUkAzR;BBLDqj4
user_897	AA3i3hb;BBKZ16M	BBUbdJN;BBL6W4H	BBUkAzR;AAsesZq
user_898	AA3i3hb;AA2ISfW	BBUbdJN;AAwzsR8	BBUkAzR;BBFpq8n
user_899	AA3i3hb;AABGH82	BBUbdJN;BBKvmih	BBUkAzR;AA3i3hb
