user_1	AAqJUn9;AA2ISfW	BBEJYF3;BBUgEu2
user_2	BBUbdJN;BBUYaFK	AA3hFc6;BBHwnKx
user_3	AAsevdg;BBDmzK7	AAA0qq0;BBUkAzR
user_4	AA2ISfW;AA8lMqC	AA3a5Ia;AA3ggk0
user_5	BBUYaFK;AA2gs73	AArWO54;BBGKNlv
user_6	BBDmzK7;BBUasXo	BBUawlm;AAADukn
user_7	AA8lMqC;AAqkbhx	AAtnEW6;BBGLGrn
user_8	AA2gs73;AAsesZq	AAtEqjb;AA4VInT
user_9	BBUasXo;AA3bhGW	BBIdbe0;AAAF8Ww
user_10	AAqkbhx;BBEWBXY	BBFncaK;AA3i3hb
user_11	AAsesZq;BBDWniw	BBGgFfH;AAsurj6
user_12	AA3bhGW;BBDv9IT	AAsQvKB;AAth6aY
user_13	BBEWBXY;AA3fe19	BBUg5Or;AAuJwxQ
user_14	BBDWniw;AA2guvq	AA2qznx;BBJdoAY
user_15	BBDv9IT;AArWDxX	BBUg9Do;BBGMYEq
user_16	AA3fe19;AAsmnqz	BBFpq8n;BBGgysX
user_17	AA2guvq;AAtVp0r	AAsgkkY;AAsXRjK
user_18	AArWDxX;AArwsEO	BBUgEu2;AAv1HhQ
user_19	AAsmnqz;BBHuIzA	BBHwnKx;BBHwetM
user_20	AAtVp0r;BBFXt5V	BBUkAzR;AA3fApc
user_21	AArwsEO;AArnRKI	AA3ggk0;BBGk7uy
user_22	BBHuIzA;BBUcPfJ	BBGKNlv;AAAM6VA
user_23	BBFXt5V;BBHLQtE	AAADukn;AAAASQL
user_24	AArnRKI;AA2eTBe	BBGLGrn;BBUjjnP
user_25	BBUcPfJ;AAA2FeL	AA4VInT;BBIq49J
user_26	BBHLQtE;AA3fRp5	AAAF8Ww;BBUktpj
user_27	AA2eTBe;BBUgFWE	AA3i3hb;AAu2Zc2
user_28	AAA2FeL;AA3gf2C	AAsurj6;AA4VBvU
user_29	AA3fRp5;AAACETv	AAth6aY;BBGvfOS
user_30	BBUgFWE;BBEJYF3	AAuJwxQ;AAAFGsN
user_31	AA3gf2C;AA3hFc6	BBJdoAY;BBF3RTF
user_32	AAACETv;AAA0qq0	BBGMYEq;AA5bw9B
user_33	BBEJYF3;AA3a5Ia	BBGgysX;AAAGO2m
user_34	AA3hFc6;AArWO54	AAsXRjK;AA4Tc3G
user_35	AAA0qq0;BBUawlm	AAv1HhQ;AAuu5er
user_36	AA3a5Ia;AAtnEW6	BBHwetM;BBKYPI0
user_37	AArWO54;AAtEqjb	AA3fApc;BBH9KRa
user_38	BBUawlm;BBIdbe0	BBGk7uy;BBGjJRO
user_39	AAtnEW6;BBFncaK	AAAM6VA;AAvXr8T
user_40	AAtEqjb;BBGgFfH	AAAASQL;AA3gfvH
user_41	BBIdbe0;AAsQvKB	BBUjjnP;BBH6sqU
user_42	BBFncaK;BBUg5Or	BBIq49J;BBJlkaq
user_43	BBGgFfH;AA2qznx	BBUktpj;AAAQUuk
user_44	AAsQvKB;BBUg9Do	AAu2Zc2;AAAKyNl
user_45	BBUg5Or;BBFpq8n	AA4VBvU;BBIzno8
user_46	AA2qznx;AAsgkkY	BBGvfOS;BBUoXbO
user_47	BBUg9Do;BBUgEu2	AAAFGsN;AAvL9ds
user_48	BBFpq8n;BBHwnKx	BBF3RTF;AA5bCkb
user_49	AAsgkkY;BBUkAzR	AA5bw9B;BBH6ntg
user_50	BBUgEu2;AA3ggk0	AAAGO2m;BBHnGQc
user_51	BBHwnKx;BBGKNlv	AA4Tc3G;BBGim3y
user_52	BBUkAzR;AAADukn	AAuu5er;AA85LCJ
user_53	AA3ggk0;BBGLGrn	BBKYPI0;AAAHUdZ
user_54	BBGKNlv;AA4VInT	BBH9KRa;BBUgeaU
user_55	AAADukn;AAAF8Ww	BBGjJRO;AAvNkM0
user_56	BBGLGrn;AA3i3hb	AAvXr8T;AAuGRQP
user_57	AA4VInT;AAsurj6	AA3gfvH;BBL5ktS
user_58	AAAF8Ww;AAth6aY	BBH6sqU;BBHriZh
user_59	AA3i3hb;AAuJwxQ	BBJlkaq;BBUlE3c
user_60	AAsurj6;BBJdoAY	AAAQUuk;AAwUqse
user_61	AAth6aY;BBGMYEq	AAAKyNl;BBKStQc
user_62	AAuJwxQ;BBGgysX	BBIzno8;AA3gpLN
user_63	BBJdoAY;AAsXRjK	BBUoXbO;BBL0xLh
user_64	BBGMYEq;AAv1HhQ	AAvL9ds;AAARCpt
user_65	BBGgysX;BBHwetM	AA5bCkb;AAAMySP
user_66	AAsXRjK;AA3fApc	BBH6ntg;AAv7lDX
user_67	AAv1HhQ;BBGk7uy	BBHnGQc;BBUojmR
user_68	BBHwetM;AAAM6VA	BBGim3y;BBUpBMa
user_69	AA3fApc;AAAASQL	AA85LCJ;AAwhqjD
user_70	BBGk7uy;BBUjjnP	AAAHUdZ;AA8X1Au
user_71	AAAM6VA;BBIq49J	BBUgeaU;BBHO6dr
user_72	AAAASQL;BBUktpj	AAvNkM0;AAAKeCb
user_73	BBUjjnP;AAu2Zc2	AAuGRQP;AAuOQ0L
user_74	BBIq49J;AA4VBvU	BBL5ktS;AAvKoOa
user_75	BBUktpj;BBGvfOS	BBHriZh;AAw0UUH
user_76	AAu2Zc2;AAAFGsN	BBUlE3c;AAvKkO1
user_77	AA4VBvU;BBF3RTF	AAwUqse;BBLAgxA
user_78	BBGvfOS;AA5bw9B	BBKStQc;BBIVF4U
user_79	AAAFGsN;AAAGO2m	AA3gpLN;AAv4n0c
user_80	BBF3RTF;AA4Tc3G	BBL0xLh;BBUuibK
user_81	AA5bw9B;AAuu5er	AAARCpt;AAxLVLO
user_82	AAAGO2m;BBKYPI0	AAAMySP;BBKZ16M
user_83	AA4Tc3G;BBH9KRa	AAv7lDX;BBUxor2
user_84	AAuu5er;BBGjJRO	BBUojmR;AAARviJ
user_85	BBKYPI0;AAvXr8T	BBUpBMa;AAANCDc
user_86	BBH9KRa;AA3gfvH	AAwhqjD;BBV4elZ
user_87	BBGjJRO;BBH6sqU	AA8X1Au;BBUq5wh
user_88	AAvXr8T;BBJlkaq	BBHO6dr;AAxL9NH
user_89	AA3gfvH;AAAQUuk	AAAKeCb;AAA7oHF
user_90	BBH6sqU;AAAKyNl	AAuOQ0L;AAAM6Jx
user_91	BBJlkaq;BBIzno8	AAvKoOa;AAuP7ue
user_92	AAAQUuk;BBUoXbO	AAw0UUH;AAwEGzs
user_93	AAAKyNl;AAvL9ds	AAvKkO1;BBLIVQb
user_94	BBIzno8;AA5bCkb	BBLAgxA;BBIdY6V
user_95	BBUoXbO;BBH6ntg	BBIVF4U;AAvKr4V
user_96	AAvL9ds;BBHnGQc	AAv4n0c;BBUvu4V
user_97	AA5bCkb;BBGim3y	BBUuibK;AAxYab2
user_98	BBH6ntg;AA85LCJ	AAxLVLO;AA9npVj
user_99	BBHnGQc;AAAHUdZ	BBKZ16M;BBV1Nzg
user_100	BBGim3y;BBUgeaU	BBUxor2;BBIL0CC
