user_200	BBUbdJN;BBVHk6z&BBUasXoBBLCOcI|BBUbdJN;AAARruy&BBUasXoBBFXt5V|BBUbdJN;BBV4elZ&BBUasXoBBL6W4H|BBUbdJN;AAwhqjD&BBUasXoAAwyZza|BBUbdJN;BBMKfHB&BBUasXoAAAMySP|BBUbdJN;BBMKfHB&BBUasXoAAyAKST
user_201	BBUbdJN;BBOsyuJ&BBUasXoAAyADnD|BBUbdJN;BBV4YU5&BBUasXoAAA2FeL
user_202	BBUbdJN;AAsurj6&BBUasXoAAB9dcY|BBUbdJN;BBNcqER&BBUasXoBBVNFvj|BBUbdJN;BBVXyzp&BBUasXoAAwrGv8|BBUbdJN;BBVXyzp&BBUasXoBBVSjd1|BBUbdJN;BBUxor2&BBUasXoBBLnEkX|BBUbdJN;AAAsIkq&BBUasXoAABW7Z7
user_203	BBUbdJN;AAAogC5&BBUasXoBBGMYEq|BBUbdJN;BBO1cwm&BBUasXoBBOthIn|BBUbdJN;AAsevdg&BBUasXoBBHuIzA|BBUbdJN;BBMVhJ9&BBUasXoAAAZ5xA|BBUbdJN;BBOwH0B&BBUasXoBBUkAzR|BBUbdJN;BBV1Sye&BBUasXoBBLIXmS|BBUbdJN;BBLIXmS&BBUasXoBBVHk6z|BBUbdJN;BBORW98&BBUasXoBBVXyzp|BBUbdJN;AAARwH5&BBUasXoBB100FCF|BBUbdJN;AAvfuF2&BBUasXoBBJCeKv
user_204	BBUbdJN;BBLF0Gc&BBUasXoAAA0qq0|BBUbdJN;BBHwnKx&BBUasXoBBEWBXY|BBUbdJN;AAAZ5xA&BBUasXoBBMXL6V|BBUbdJN;BBUjjnP&BBUasXoBBVNEMA|BBUbdJN;BBVSq8f&BBUasXoAAAZ3SN|BBUbdJN;BBUgEu2&BBUasXoBBVhV5z|BBUbdJN;AAweMwJ&BBUasXoBBId9nm
user_205	BBUbdJN;AAAZ3SN&BBUasXoAAAMdk8|BBUbdJN;AAwA9lA&BBUasXoBBLrAmc|BBUbdJN;BBVNc5r&BBUasXoBBMCoHF|BBUbdJN;AABDHTv&BBUasXoBBH6sqU|BBUbdJN;BBV5WXI&BBUasXoAAvXr8T
user_206	BBUbdJN;BBLZ3n0&BBUasXoBBHnGQc|BBUbdJN;BBV1Evc&BBUasXoBBV1ppM|BBUbdJN;AAARpcX&BBUasXoBBL6vWz|BBUbdJN;BBDv9IT&BBUasXoBBHLQtE|BBUbdJN;AAARGsX&BBUasXoBBJ3fVO|BBUbdJN;BBKJtyu&BBUasXoAAxXAye|BBUbdJN;AAANCDc&BBUasXoAABDHTv|BBUbdJN;BBVlo2w&BBUasXoBBH9KRa|BBUbdJN;BBJdoAY&BBUasXoBBLjMHu
user_207	BBUbdJN;AA3fe19&BBUasXoAA3hFc6
user_208	BBUbdJN;BBNXlUe&BBUasXoBBVjtjw|BBUbdJN;BBLD170&BBUasXoBBLjMHu|BBUbdJN;AAx8xEK&BBUasXoAAxl48x|BBUbdJN;BBLzxW3&BBUasXoAAAtcpS|BBUbdJN;AA3fe19&BBUasXoAAADukn|BBUbdJN;AA4VInT&BBUasXoBBUxQNx|BBUbdJN;BBIVF4U&BBUasXoBBN7eiN|BBUbdJN;AA2gs73&BBUasXoBBUg9Do
user_209	BBUbdJN;BBKStQc&BBUasXoAABJILs|BBUbdJN;BBVNc5r&BBUasXoBBEJYF3|BBUbdJN;BBUlE3c&BBUasXoAAsXRjK
user_210	BBUbdJN;AABYiwg&BBUasXoBBNYxiX|BBUbdJN;BBIwOYv&BBUasXoBBVNFvj
user_211	BBUbdJN;AAqJUn9&BBUasXoAAsurj6|BBUbdJN;AA3a5Ia&BBUasXoBBVPE58
user_212	BBUbdJN;BBMe8DV&BBUasXoBBHwnKx|BBUbdJN;BBLZ3n0&BBUasXoBBUawlm|BBUbdJN;AA3a5Ia&BBUasXoAAuGRQP|BBUbdJN;BBL9Ih9&BBUasXoAABYiwg|BBUbdJN;BBV4YU5&BBUasXoAAxqWo3|BBUbdJN;BBLk0Zw&BBUasXoBBUcPfJ|BBUbdJN;AAB8TGp&BBUasXoAAACETv|BBUbdJN;BBN7eiN&BBUasXoAAxF8nT
user_213	BBUbdJN;AAARdDZ&BBUasXoBBUkAzR|BBUbdJN;BBORW98&BBUasXoBBKh2ML|BBUbdJN;BBV1Evc&BBUasXoAAB5HVc|BBUbdJN;BBLCOcI&BBUasXoBBVCYjd|BBUbdJN;BBJdoAY&BBUasXoAAANCDc|BBUbdJN;BBVFacd&BBUasXoBBN0NAK|BBUbdJN;BBGLGrn&BBUasXoAAAYpAW|BBUbdJN;AA5bCkb&BBUasXoAAAZ5xA|BBUbdJN;BBMdSnO&BBUasXoAAAZoxS
user_214	BBUbdJN;AAyADo0&BBUasXoBBVEbo2|BBUbdJN;AAxXAye&BBUasXoAAyADnD|BBUbdJN;AAAROdV&BBUasXoAAvKr4V|BBUbdJN;AAxN4SL&BBUasXoAAvKoOa|BBUbdJN;BBLHWzM&BBUasXoBBO1cwm|BBUbdJN;BBMFM09&BBUasXoBBVjtjw|BBUbdJN;AAAOIxS&BBUasXoBBKRX2H
user_215	BBUbdJN;BBVNFvj&BBUasXoAAxDzxu|BBUbdJN;AAyADoH&BBUasXoAAxLVLO|BBUbdJN;BBUYaFK&BBUasXoAAyN37H|BBUbdJN;AAwr9Xz&BBUasXoAAyAPVN|BBUbdJN;BBL6kTL&BBUasXoAAAMdk8
user_216	BBUbdJN;BBIwOYv&BBUasXoBBN0NAK|BBUbdJN;BBVAcD5&BBUasXoBBMVhJ9|BBUbdJN;AAAZd20&BBUasXoAAyADnw|BBUbdJN;BBUg9Do&BBUasXoAAtEqjb|BBUbdJN;BBGgFfH&BBUasXoAAAZ3SN|BBUbdJN;BBHriZh&BBUasXoAABJILs|BBUbdJN;BBVXzDV&BBUasXoBBHwnKx|BBUbdJN;BB100HPz&BBUasXoBBKZ16M|BBUbdJN;AAw0UUH&BBUasXoAA3fApc
user_217	BBUbdJN;AAxXp14&BBUasXoBBLDqj4|BBUbdJN;AAwyZza&BBUasXoBBLAntn|BBUbdJN;AAAZdwT&BBUasXoAA4VBvU|BBUbdJN;AAuP7ue&BBUasXoBBLRPbG|BBUbdJN;BBV5WXI&BBUasXoBBNXlUe|BBUbdJN;BBMHYHC&BBUasXoBBVZkn0|BBUbdJN;AAth6aY&BBUasXoBBKZ16M
user_218	BBUbdJN;BBL6AZc&BBUasXoAABE6ab|BBUbdJN;BBMWWXk&BBUasXoBBMYv4d|BBUbdJN;AAxXp14&BBUasXoBBVFacd|BBUbdJN;BBLLcb7&BBUasXoAAxnxl0
user_219	BBUbdJN;AAxLVLO&BBUasXoAAAFGsN|BBUbdJN;BBMVoOL&BBUasXoAA3a5Ia|BBUbdJN;AAyAPVN&BBUasXoBBEKb2q|BBUbdJN;AArnRKI&BBUasXoAAv1HhQ|BBUbdJN;BBGgFfH&BBUasXoAA2eTBe|BBUbdJN;BBNYxiX&BBUasXoBBLkdd0|BBUbdJN;BBUawlm&BBUasXoBBVF8u8|BBUbdJN;AAxXAye&BBUasXoAAAREgH|BBUbdJN;AAAREgH&BBUasXoAAAYpAW|BBUbdJN;AA4VBvU&BBUasXoAAxnxl0
user_220	BBUbdJN;BBVXzDV&BBUasXoBBV4fjE|BBUbdJN;BBL6W4H&BBUasXoBBL2uNw|BBUbdJN;BBVFiDd&BBUasXoAAATuMd|BBUbdJN;AAARviJ&BBUasXoBBEKb2q|BBUbdJN;AAzgHgu&BBUasXoAAvNkM0|BBUbdJN;BBHuIzA&BBUasXoAAB5HVc|BBUbdJN;AAAREgH&BBUasXoBBUxor2|BBUbdJN;AAv7lDX&BBUasXoBBUgEu2|BBUbdJN;BBV1Sye&BBUasXoBBLkdd0
user_221	BBUbdJN;BBDv9IT&BBUasXoAA3fRp5|BBUbdJN;BBKYPI0&BBUasXoBBUYaFK|BBUbdJN;BBUxQNx&BBUasXoAAzMwyp|BBUbdJN;BBVjtjw&BBUasXoAAvKr4V|BBUbdJN;BBV1Sye&BBUasXoBBHLQtE
user_222	BBUbdJN;BBV1dH0&BBUasXoAAAFdFZ|BBUbdJN;AAB2j3e&BBUasXoBBMKfHB|BBUbdJN;BB100IjZ&BBUasXoAAB9dOB|BBUbdJN;BBVjtjw&BBUasXoAA3i3hb|BBUbdJN;BBV1ppM&BBUasXoAAsevdg
user_223	BBUbdJN;BBL6vWz&BBUasXoAABbD1C|BBUbdJN;BBNYBjr&BBUasXoAAB8Llw
user_224	BBUbdJN;BBVCYjd&BBUasXoAAB2EcG|BBUbdJN;BB100Bx9&BBUasXoAAvfxhN|BBUbdJN;BBLDqj4&BBUasXoBBFncaK|BBUbdJN;BBND51v&BBUasXoBBMJwbb|BBUbdJN;BBNT7UF&BBUasXoAAzgHgu|BBUbdJN;BBGk7uy&BBUasXoAAAO4pd|BBUbdJN;BBVXyzp&BBUasXoAAAZ3SN
user_225	BBUbdJN;BBMJwbb&BBUasXoBBVNc5r|BBUbdJN;BBKZ16M&BBUasXoBBIVF4U|BBUbdJN;AAvfxhN&BBUasXoBBVQT2P|BBUbdJN;AAARCpt&BBUasXoBBLZ3n0|BBUbdJN;AAweMwJ&BBUasXoAAqkbhx|BBUbdJN;AAx0Vlx&BBUasXoAAsmnqz|BBUbdJN;AAALMuJ&BBUasXoAA4Tc3G|BBUbdJN;BBNZaKA&BBUasXoBBMBEtM
user_226	BBUbdJN;BBNWiNe&BBUasXoAAvNkM0|BBUbdJN;AA3hFc6&BBUasXoBBNRGhy|BBUbdJN;AAyN37H&BBUasXoBBLD170|BBUbdJN;AAB8TGp&BBUasXoAAwUqse|BBUbdJN;AAy2kZX&BBUasXoBBVXRjR|BBUbdJN;BBVNFvj&BBUasXoAAvKoOa
user_227	BBUbdJN;BBUg9Do&BBUasXoBBLAgxA|BBUbdJN;AABG8UE&BBUasXoBBDv9IT|BBUbdJN;BBF3RTF&BBUasXoBBEY0sP
user_228	BBUbdJN;AAB25cr&BBUasXoBBMEtDi|BBUbdJN;BBJlkaq&BBUasXoBBMhA5P|BBUbdJN;BBHwetM&BBUasXoBBMKfHB|BBUbdJN;AAAYpAW&BBUasXoAAB96FM|BBUbdJN;BBHwetM&BBUasXoAAAASQL|BBUbdJN;AAsmnqz&BBUasXoAAth6aY|BBUbdJN;BBVFiDd&BBUasXoAAwfVUE|BBUbdJN;BBKh2ML&BBUasXoBBKyR1L
user_229	BBUbdJN;AA3ggk0&BBUasXoAAAWpRv|BBUbdJN;AAARJJ2&BBUasXoBBLDqj4|BBUbdJN;BBNc2I7&BBUasXoBBL6CAZ|BBUbdJN;BBMiarN&BBUasXoBBIwSPD
user_230	BBUbdJN;AABDHTv&BBUasXoBBVZkn0|BBUbdJN;AAyADoH&BBUasXoAAwEPYW|BBUbdJN;BBMA2Cr&BBUasXoBBHLQtE|BBUbdJN;BBMFM09&BBUasXoBBEWBXY|BBUbdJN;BBVlo2w&BBUasXoAA2qznx|BBUbdJN;BBLkdd0&BBUasXoBBKyR1L|BBUbdJN;AAyAKUa&BBUasXoBBMFPNi|BBUbdJN;BBMe8DV&BBUasXoBBJI1dB|BBUbdJN;AABJILs&BBUasXoAAAOBDP
user_231	BBUbdJN;BBLiEQ4&BBUasXoAAyADni|BBUbdJN;AAAREgH&BBUasXoBBLIVQb|BBUbdJN;AAAOsM0&BBUasXoAAxYab2|BBUbdJN;BBUlE3c&BBUasXoAA3gf2C|BBUbdJN;BBIzno8&BBUasXoBB100FCF|BBUbdJN;BBF3RTF&BBUasXoBBVjtjw
user_232	BBUbdJN;AABGTFJ&BBUasXoAAsQvKB
user_233	BBUbdJN;AABKX9K&BBUasXoAA4VInT|BBUbdJN;AAyADoH&BBUasXoBBND51v|BBUbdJN;AAAZdwT&BBUasXoBB100YVl|BBUbdJN;BBL2uNw&BBUasXoBBN0NAK|BBUbdJN;BBVSjds&BBUasXoBBVQVOk|BBUbdJN;BBMZWbw&BBUasXoBBUasXo|BBUbdJN;AAAGO2m&BBUasXoBBL9Ih9|BBUbdJN;BBGim3y&BBUasXoBBUawlm
user_234	BBUbdJN;AAxN4SL&BBUasXoBBJI1dB|BBUbdJN;BBLyKAN&BBUasXoBBH9KRa|BBUbdJN;AAAO4pd&BBUasXoAA5bw9B
user_235	BBUbdJN;BBIVF4U&BBUasXoBBL6vWz|BBUbdJN;AAvKoOa&BBUasXoBBMe8DV|BBUbdJN;AAvisbZ&BBUasXoAAAZoxS|BBUbdJN;BBMXL6V&BBUasXoAAADukn
user_236	BBUbdJN;BBVNKNc&BBUasXoAArWDxX|BBUbdJN;AAAZ3SN&BBUasXoBBLDqj4|BBUbdJN;AAth6aY&BBUasXoAAy7GfC|BBUbdJN;AAwzsR8&BBUasXoBBGgysX
user_237	BBUbdJN;AAANCDc&BBUasXoAAAdAn8|BBUbdJN;AAvKr4V&BBUasXoBBV6cLI|BBUbdJN;AAB96FM&BBUasXoBBGjJRO
user_238	BBUbdJN;AAATqB7&BBUasXoAAu2Zc2|BBUbdJN;BBNaIrb&BBUasXoBBVJL7v|BBUbdJN;AAATuMd&BBUasXoAAuOQ0L|BBUbdJN;AA3gf2C&BBUasXoAAuu5er
user_239	BBUbdJN;BBIaCq5&BBUasXoBBN0NAK|BBUbdJN;AA3fApc&BBUasXoBBUYaFK|BBUbdJN;BBNcqER&BBUasXoBBV4fIV|BBUbdJN;BBMXL6V&BBUasXoBBF3RTF
user_240	BBUbdJN;AA4Tc3G&BBUasXoBBOU2yT|BBUbdJN;BBOsyuJ&BBUasXoAAB2iuR|BBUbdJN;BBNZaKA&BBUasXoBBKyR1L|BBUbdJN;BBNFjp8&BBUasXoBBLnEkX
user_241	BBUbdJN;AA5bw9B&BBUasXoAAARaTv
user_242	BBUbdJN;AA3fRp5&BBUasXoBBV6cLI|BBUbdJN;BBOtyok&BBUasXoBBL9Ih9|BBUbdJN;AAAOrHc&BBUasXoBBV894B|BBUbdJN;AABG8UE&BBUasXoAAvfuF2|BBUbdJN;AABE6ab&BBUasXoAAAZfdV|BBUbdJN;AAv4n0c&BBUasXoAABJILs|BBUbdJN;AABQlEh&BBUasXoAAxZgFU
user_243	BBUbdJN;AA3fe19&BBUasXoBBDmzK7
user_244	BBUbdJN;BBVjypU&BBUasXoBB1009hG|BBUbdJN;AAxDzxu&BBUasXoAAxl48x|BBUbdJN;AAtnEW6&BBUasXoAAsQvKB|BBUbdJN;AAAOBDP&BBUasXoAABG8UE
user_245	BBUbdJN;AAuP7ue&BBUasXoBBO1cwm|BBUbdJN;AA3gf2C&BBUasXoAAvXr8T|BBUbdJN;BB100Bx9&BBUasXoBBLuDsT|BBUbdJN;BBLHWzM&BBUasXoAABJILs|BBUbdJN;AAA7oHF&BBUasXoBBHLQtE|BBUbdJN;BBEKZa9&BBUasXoBBLHEz5|BBUbdJN;BBUgFWE&BBUasXoBBL6kTL|BBUbdJN;BBMFQdT&BBUasXoBBMVdpZ
user_246	BBUbdJN;BBJdoAY&BBUasXoBBLiEQ4|BBUbdJN;AA8X1Au&BBUasXoBBVR0K0|BBUbdJN;BBKh2ML&BBUasXoBBVGoI2|BBUbdJN;BBVEbo2&BBUasXoBBN0NAK|BBUbdJN;AAwzsR8&BBUasXoBBGgFfH|BBUbdJN;BBIL0CC&BBUasXoAAB8Llw
user_247	BBUbdJN;AAB9dcY&BBUasXoBBL0xLh
user_248	BBUbdJN;BBEJYF3&BBUasXoAAxXAWa
user_249	BBUbdJN;BBVXRjR&BBUasXoBBIwSPD|BBUbdJN;AABRuxD&BBUasXoAAylz6W|BBUbdJN;AAv4n0c&BBUasXoBBLwB05
user_250	BBUbdJN;BBV71BM&BBUasXoBBKrukC|BBUbdJN;BBMHYHC&BBUasXoBBV1dH0|BBUbdJN;BBLHZ7H&BBUasXoAAAKyNl|BBUbdJN;AAyADoH&BBUasXoBBGvfOS|BBUbdJN;BBLCByC&BBUasXoBBMoFtL|BBUbdJN;BBL6CAZ&BBUasXoAAAW0DF
user_251	BBUbdJN;BB100Bx9&BBUasXoBB100YVl|BBUbdJN;AAvfI8G&BBUasXoBBV4zz7|BBUbdJN;AAAM6Jx&BBUasXoAAsgkkY|BBUbdJN;BBEJYF3&BBUasXoBBLwB05|BBUbdJN;BBL6AZc&BBUasXoBBMKtn3
user_252	BBUbdJN;BBEY0sP&BBUasXoBBUq5wh|BBUbdJN;AAATk1K&BBUasXoAAA7oHF|BBUbdJN;AAAQUuk&BBUasXoAAyiDLG|BBUbdJN;AAwQoQy&BBUasXoBBLnEkX|BBUbdJN;BBEJYF3&BBUasXoBBMiarN|BBUbdJN;AAB5HVc&BBUasXoAAB6hqa|BBUbdJN;BBEY0sP&BBUasXoAAxLVLO
user_253	BBUbdJN;BBNcqER&BBUasXoBBJ3fVO|BBUbdJN;AAAQUuk&BBUasXoBBUq5wh|BBUbdJN;BBMVhJ9&BBUasXoBBVNc5r|BBUbdJN;AAsQvKB&BBUasXoAAy2kZX|BBUbdJN;AAARpcX&BBUasXoBBL6vWz
user_254	BBUbdJN;BBMiarN&BBUasXoAAqkbhx|BBUbdJN;AAAOrHc&BBUasXoBBNFjp8|BBUbdJN;AABJILs&BBUasXoAAvrWds|BBUbdJN;AAwTTtM&BBUasXoAAB69ip|BBUbdJN;AAARaTv&BBUasXoAA3a5Ia|BBUbdJN;AAAKyNl&BBUasXoAAA2FeL|BBUbdJN;AAAQUuk&BBUasXoBBIzno8|BBUbdJN;AABE6ab&BBUasXoBBVAcD5|BBUbdJN;AAzMwyp&BBUasXoBBLkc0L
user_255	BBUbdJN;AAzgHgu&BBUasXoBBKZ16M|BBUbdJN;BBMVoOL&BBUasXoBB100PnO
user_256	BBUbdJN;BBMKtn3&BBUasXoBBLsRAt
user_257	BBUbdJN;BB100IjZ&BBUasXoAAARaTv
user_258	BBUbdJN;BBHwnKx&BBUasXoBBN0AuL|BBUbdJN;AAACETv&BBUasXoBBVCYjd|BBUbdJN;BBNcDBd&BBUasXoBBV4zz7|BBUbdJN;AAvfxhN&BBUasXoBBVXRjR|BBUbdJN;AAARdDZ&BBUasXoAAB2iuR|BBUbdJN;AAB8Llw&BBUasXoAAxYab2
user_259	BBUbdJN;BBMVhJ9&BBUasXoAAARwH5|BBUbdJN;BBIwOYv&BBUasXoAAB96FM|BBUbdJN;BBVMCOX&BBUasXoAABbD1C|BBUbdJN;AAAMfsk&BBUasXoAAB9dOB|BBUbdJN;BBEY0sP&BBUasXoBBDv9IT|BBUbdJN;AArnRKI&BBUasXoAAxXp14|BBUbdJN;BBLjMHu&BBUasXoBBLiEQ4|BBUbdJN;AAApGWa&BBUasXoBBUg5Or|BBUbdJN;AAvKoOa&BBUasXoAAsmnqz
user_260	BBUbdJN;BB100N6g&BBUasXoAABYiwg|BBUbdJN;AAweMwJ&BBUasXoAAAsIkq|BBUbdJN;BBIVF4U&BBUasXoBBV4YU5|BBUbdJN;BBLZ3n0&BBUasXoBBVXRjR
user_261	BBUbdJN;BBLwB05&BBUasXoAAy7GfC|BBUbdJN;AABHWVu&BBUasXoAAAHUdZ|BBUbdJN;AAAKyNl&BBUasXoAAwr9Xz
user_262	BBUbdJN;BBNRGhy&BBUasXoAAwrGv8|BBUbdJN;BBGLGrn&BBUasXoBBJ963r
user_263	BBUbdJN;BBGk7uy&BBUasXoBBVQT2P|BBUbdJN;BBOthIn&BBUasXoAAB9dcY|BBUbdJN;BBV6cLI&BBUasXoAAAOIxS|BBUbdJN;BBUYaFK&BBUasXoBBNZaKA|BBUbdJN;BBIaCq5&BBUasXoAAAROdV|BBUbdJN;AAx8xEK&BBUasXoAAyN37H|BBUbdJN;AAB8TGp&BBUasXoBB100Bx9|BBUbdJN;AAB2iuR&BBUasXoBBOwH0B|BBUbdJN;AA2eTBe&BBUasXoAA8lMqC|BBUbdJN;BBMFQdT&BBUasXoAAy2kZX
user_264	BBUbdJN;AAxXAye&BBUasXoBBMFvW0|BBUbdJN;AAwzsR8&BBUasXoBBGMYEq|BBUbdJN;BBLiEQ4&BBUasXoBB100YVl|BBUbdJN;AAv1HhQ&BBUasXoBBIwOYv|BBUbdJN;BBId9nm&BBUasXoAAtVp0r|BBUbdJN;BBLjMHu&BBUasXoAAsQvKB
user_265	BBUbdJN;BBLiEQ4&BBUasXoBBJI1dB|BBUbdJN;BBLDqj4&BBUasXoAAB2j3e|BBUbdJN;AAATGy9&BBUasXoBBUlE3c|BBUbdJN;AAyiDLG&BBUasXoBBVSjd1|BBUbdJN;BBJlkaq&BBUasXoBBIVF4U|BBUbdJN;BBJiVaa&BBUasXoAAxXoXX|BBUbdJN;BBLkc0L&BBUasXoBBIaCq5|BBUbdJN;BBNcqER&BBUasXoBBUasXo
user_266	BBUbdJN;AAtEqjb&BBUasXoBBVXRjR|BBUbdJN;AABQDiu&BBUasXoBBV1Sye|BBUbdJN;AAANign&BBUasXoAA3gfvH|BBUbdJN;AAApGWa&BBUasXoAAAOrHc|BBUbdJN;AA3i3hb&BBUasXoAAApGWa|BBUbdJN;AAxN4SL&BBUasXoAAvXr8T|BBUbdJN;AAB69ip&BBUasXoBBUgFWE|BBUbdJN;AAARL6T&BBUasXoAABJILs
user_267	BBUbdJN;BB100FCF&BBUasXoBBFXt5V|BBUbdJN;BBMFvW0&BBUasXoBBV71BM|BBUbdJN;AAAgGcl&BBUasXoBBL6AZc
user_268	BBUbdJN;BBVNEMA&BBUasXoBBJCeKv|BBUbdJN;AAAO4pd&BBUasXoAAxYab2|BBUbdJN;BBNZaKA&BBUasXoAAxZgFU|BBUbdJN;AAyADni&BBUasXoAABW7Z7
user_269	BBUbdJN;BBOwH0B&BBUasXoAAsmnqz|BBUbdJN;BBVT81D&BBUasXoBBUgEu2|BBUbdJN;BBKYPI0&BBUasXoBBNWiNe|BBUbdJN;BBUktpj&BBUasXoBBNRGhy
user_270	BBUbdJN;BBIVF4U&BBUasXoAAyAKST|BBUbdJN;BBMKfHB&BBUasXoAAB3hqW|BBUbdJN;BBMi5ey&BBUasXoAAxL9NH
user_271	BBUbdJN;BBKvmih&BBUasXoAAAFdFZ|BBUbdJN;BBMhA5P&BBUasXoAAxF8nT|BBUbdJN;AAARpcX&BBUasXoAAsgkkY
user_272	BBUbdJN;BBL5ktS&BBUasXoBBH9KRa|BBUbdJN;AAxZgFU&BBUasXoBBUuibK|BBUbdJN;BBIwOYv&BBUasXoAAsXRjK|BBUbdJN;AAy2kZX&BBUasXoAAAOsM0
user_273	BBUbdJN;BBH9KRa&BBUasXoBBVJL7v|BBUbdJN;AAuJwxQ&BBUasXoAAARL6T|BBUbdJN;BBJ963r&BBUasXoBBOthIn|BBUbdJN;AA2eTBe&BBUasXoBBOtp3v|BBUbdJN;AA3bhGW&BBUasXoAAAGO2m|BBUbdJN;AAAOiNg&BBUasXoBBV4fjE|BBUbdJN;BBGLGrn&BBUasXoAAAASQL|BBUbdJN;AAAKeCb&BBUasXoBBOsyuJ
user_274	BBUbdJN;AAALMuJ&BBUasXoBBNaIrb
user_275	BBUbdJN;BBLkwJA&BBUasXoAAvKkO1|BBUbdJN;AAAgDqT&BBUasXoAAth6aY|BBUbdJN;BBKh2ML&BBUasXoBBOTCVl|BBUbdJN;BBVjtjw&BBUasXoAAA7oHF|BBUbdJN;BB100PnO&BBUasXoBBOoDSm
user_276	BBUbdJN;BBJ3fVO&BBUasXoAArWO54|BBUbdJN;AAAeUHj&BBUasXoAAAsIkq|BBUbdJN;AAwTTtM&BBUasXoBBNcqER|BBUbdJN;BBH6ntg&BBUasXoAAsQvKB|BBUbdJN;BB100N6g&BBUasXoAAvKoOa|BBUbdJN;BBLuDsT&BBUasXoBBIL0CC|BBUbdJN;BBGgysX&BBUasXoAA3i3hb|BBUbdJN;AAB2EcG&BBUasXoAAvXr8T|BBUbdJN;AAxN4SL&BBUasXoBBKRX2H
user_277	BBUbdJN;AAxnVFg&BBUasXoAAvKr4V|BBUbdJN;BBHriZh&BBUasXoBBMdSnO
user_278	BBUbdJN;BBLF0Gc&BBUasXoAAwfVUE|BBUbdJN;BBUq5wh&BBUasXoAAAsIkq|BBUbdJN;BBMFPNi&BBUasXoBBVXyzp|BBUbdJN;AAAM6Jx&BBUasXoBBMKtn3|BBUbdJN;BBO1cwm&BBUasXoBBVQfhU|BBUbdJN;AA2qznx&BBUasXoAAv4n0c|BBUbdJN;AABKX9K&BBUasXoAAvfxhN|BBUbdJN;BBNwUmh&BBUasXoBBVjypU|BBUbdJN;AAzW6h1&BBUasXoBBMTKyQ|BBUbdJN;AAxnxl0&BBUasXoBBJ3fVO
user_279	BBUbdJN;BBVEbo2&BBUasXoAAAMdk8
user_280	BBUbdJN;BBVNc5r&BBUasXoAAAMdk8|BBUbdJN;AAAM6Jx&BBUasXoBB100FCF|BBUbdJN;BBKYPI0&BBUasXoAAuOQ0L|BBUbdJN;BBL6W4H&BBUasXoAAAMfsk|BBUbdJN;BBNZaKA&BBUasXoAAuP7ue|BBUbdJN;AAB2u3I&BBUasXoBBMdSnO
user_281	BBUbdJN;BBVXK7i&BBUasXoAAApGWa|BBUbdJN;BBLCOcI&BBUasXoBBV1Evc|BBUbdJN;AAARGsX&BBUasXoBBEY0sP|BBUbdJN;BBV1Nzg&BBUasXoBBUYaFK|BBUbdJN;BBNZaKA&BBUasXoAA3gpLN|BBUbdJN;AAA2FeL&BBUasXoAABGTFJ|BBUbdJN;AAwEPYW&BBUasXoAAwhqjD|BBUbdJN;BBV1Evc&BBUasXoBBMVhJ9|BBUbdJN;AABKX9K&BBUasXoBBUtASG
user_282	BBUbdJN;BBV1dH0&BBUasXoBBMBEtM|BBUbdJN;BBLT5vU&BBUasXoBBFncaK|BBUbdJN;AAsQvKB&BBUasXoBBLHEz5|BBUbdJN;BBVGoI2&BBUasXoAArnRKI
user_283	BBUbdJN;AAB25cr&BBUasXoBBV1Sye|BBUbdJN;BBLk0Zw&BBUasXoBBVF8u8|BBUbdJN;BBH6ntg&BBUasXoAABRuxD|BBUbdJN;BB100N6g&BBUasXoBBL6kTL
user_284	BBUbdJN;BBM4c2a&BBUasXoBBLsRAt
user_285	BBUbdJN;AAATGy9&BBUasXoAAuP7ue|BBUbdJN;BBVhV5z&BBUasXoBBMhA5P|BBUbdJN;AAxnxl0&BBUasXoBBNcDBd|BBUbdJN;BBMVhJ9&BBUasXoAAAZ3SN|BBUbdJN;BBUasXo&BBUasXoBBVQT2P|BBUbdJN;AA2eTBe&BBUasXoBBV4zz7|BBUbdJN;AAAHUdZ&BBUasXoAAyN37H|BBUbdJN;AAwQoQy&BBUasXoBBUawlm
user_286	BBUbdJN;AAAZkwq&BBUasXoBBVR0K0|BBUbdJN;BBLsyWp&BBUasXoBBFpq8n|BBUbdJN;AAAvJEv&BBUasXoAAAeUHj
user_287	BBUbdJN;AAATuMd&BBUasXoBBJI1dB|BBUbdJN;BBLRPbG&BBUasXoBBEKZa9|BBUbdJN;BBEKZa9&BBUasXoBBMi5bl|BBUbdJN;BBVPE58&BBUasXoAABG8UE|BBUbdJN;BBLUFYs&BBUasXoAAwAhvm|BBUbdJN;BBJ963r&BBUasXoBBGLGrn|BBUbdJN;BBLHZ7H&BBUasXoAAARCpt
user_288	BBUbdJN;BBVQT2P&BBUasXoAAAW0DF|BBUbdJN;BBVhV5z&BBUasXoAAyADni|BBUbdJN;BBMvpSD&BBUasXoBBMhA5P|BBUbdJN;AAB2EcG&BBUasXoAAB9dcY|BBUbdJN;BBVM55R&BBUasXoAAylz6W
user_289	BBUbdJN;AAwEPYW&BBUasXoBBJTQ6I|BBUbdJN;AAADQlB&BBUasXoAAuP7ue|BBUbdJN;BBNYBjr&BBUasXoBBMVhJ9|BBUbdJN;BBKZ16M&BBUasXoAA85LCJ|BBUbdJN;AAv7lDX&BBUasXoBBH9KRa|BBUbdJN;AABW7Z7&BBUasXoAAsQvKB|BBUbdJN;BBMbXWT&BBUasXoBBMFvW0|BBUbdJN;AAARGsX&BBUasXoBBVjypU|BBUbdJN;AABGTFJ&BBUasXoBBOTCVl
user_290	BBUbdJN;AAADukn&BBUasXoBBMHYHC|BBUbdJN;BBNkt7C&BBUasXoBBJTQ6I|BBUbdJN;AAB25cr&BBUasXoAA2eTBe|BBUbdJN;AA3gpLN&BBUasXoBBLkdd0
user_291	BBUbdJN;AAAOBDP&BBUasXoBBVQVOk
user_292	BBUbdJN;AAtnEW6&BBUasXoBBGLGrn|BBUbdJN;BBEY0sP&BBUasXoBBNaIrb|BBUbdJN;BBVSjds&BBUasXoAABKX9K|BBUbdJN;AAyAKTH&BBUasXoBBIaCq5|BBUbdJN;BBLpup5&BBUasXoBBVQT2P|BBUbdJN;BBUkAzR&BBUasXoBBLsyWp|BBUbdJN;AAAOoQT&BBUasXoBBL6CAZ|BBUbdJN;AAwAhvm&BBUasXoBBOTCVl|BBUbdJN;BBMwCS8&BBUasXoBBHO6dr|BBUbdJN;BBNwUmh&BBUasXoBBVQfhU
user_293	BBUbdJN;AAB6hqa&BBUasXoAAAOIxS|BBUbdJN;BBNhGI1&BBUasXoBBMXL6V|BBUbdJN;BBVI2Ci&BBUasXoBBOthIn
user_294	BBUbdJN;AA5bCkb&BBUasXoBBUgeaU|BBUbdJN;BBEKZa9&BBUasXoAA4VBvU|BBUbdJN;AAxXuir&BBUasXoAAARaTv|BBUbdJN;BBUpBMa&BBUasXoAABKX9K|BBUbdJN;BBMHokT&BBUasXoBBH6ntg|BBUbdJN;AAxZgFU&BBUasXoAAB8Llw|BBUbdJN;AAAOIxS&BBUasXoAABHWVu|BBUbdJN;AABGZJn&BBUasXoBBUasXo
user_295	BBUbdJN;AAwA9lA&BBUasXoAAvfI8G|BBUbdJN;BBUgEu2&BBUasXoBBMhA5P|BBUbdJN;BBMCoHF&BBUasXoBBUtASG|BBUbdJN;BBH6ntg&BBUasXoAAvXr8T|BBUbdJN;AAB9dcY&BBUasXoAAsXRjK|BBUbdJN;BBJTQ6I&BBUasXoBBVF8u8|BBUbdJN;BBUawlm&BBUasXoBBJCeKv
user_296	BBUbdJN;AAwrGv8&BBUasXoAAARGsX|BBUbdJN;BB100YVl&BBUasXoAAuP7ue|BBUbdJN;BBLkwJA&BBUasXoBBVPE58|BBUbdJN;AAApGWa&BBUasXoBBMZWbw|BBUbdJN;BBMFvW0&BBUasXoBBUgFWE
user_297	BBUbdJN;AA2ISfW&BBUasXoAAxL9NH|BBUbdJN;BBMAcho&BBUasXoBBMBEtM|BBUbdJN;BBUxQNx&BBUasXoBBNYnWJ|BBUbdJN;AA3ggk0&BBUasXoBBKvmih|BBUbdJN;BBLAntn&BBUasXoAAtEqjb|BBUbdJN;BBLwB05&BBUasXoBBEKb2q|BBUbdJN;BBLwB05&BBUasXoAAAvJEv|BBUbdJN;BBNT7UF&BBUasXoBBNXlUe|BBUbdJN;BBUq5wh&BBUasXoAA2guvq
user_298	BBUbdJN;BBM4c2a&BBUasXoBBHwetM
user_299	BBUbdJN;AAtnEW6&BBUasXoBBMbXWT|BBUbdJN;BBLzxW3&BBUasXoBBOtp3v
user_300	BBUbdJN;AA2gs73&BBUasXoAArWO54|BBUbdJN;AAAZdwT&BBUasXoAA3ggk0|BBUbdJN;BBMdSnO&BBUasXoBBV1Evc|BBUbdJN;AAAeUHj&BBUasXoBBVjtjw|BBUbdJN;BBM4c2a&BBUasXoBBUasXo|BBUbdJN;BBVMCOX&BBUasXoAAADQlB|BBUbdJN;BBH9KRa&BBUasXoBBJiVaa|BBUbdJN;BBKvmih&BBUasXoAAxL9NH
user_301	BBUbdJN;BBKyR1L&BBUasXoBBN9xcZ|BBUbdJN;AAAcG3S&BBUasXoAA3fe19|BBUbdJN;AAAW0DF&BBUasXoBBUxor2|BBUbdJN;BBV4zz7&BBUasXoBBLsyWp|BBUbdJN;BBMAcho&BBUasXoBBGKNlv|BBUbdJN;AAAMdk8&BBUasXoAAB5HVc|BBUbdJN;AAyADo0&BBUasXoBBUoXbO
user_302	BBUbdJN;AAA7oHF&BBUasXoBBVQVOk|BBUbdJN;AA3gfvH&BBUasXoAAxL9NH|BBUbdJN;AABE6ab&BBUasXoBBL9Ih9
user_303	BBUbdJN;AAuJwxQ&BBUasXoAAqkbhx|BBUbdJN;BBL2uNw&BBUasXoBBL6QWY|BBUbdJN;BBIVF4U&BBUasXoBBOTCVl|BBUbdJN;BBUbdJN&BBUasXoBBLRPbG|BBUbdJN;BBL2uNw&BBUasXoAA3hFc6|BBUbdJN;BBV4elZ&BBUasXoAABDHTv|BBUbdJN;BBNZaKA&BBUasXoBBLEWTA
user_304	BBUbdJN;AA2guvq&BBUasXoAABE6ab|BBUbdJN;BBNcDBd&BBUasXoBBLIQ0T
user_305	BBUbdJN;BBVjtjw&BBUasXoAAANCDc
user_306	BBUbdJN;AAAOoQT&BBUasXoAA85LCJ|BBUbdJN;BBHwnKx&BBUasXoAAzgHgu
user_307	BBUbdJN;BBUxQNx&BBUasXoAAANign|BBUbdJN;AABYiwg&BBUasXoBBHriZh|BBUbdJN;BBVT81D&BBUasXoBBVMCOX|BBUbdJN;AAADukn&BBUasXoAAwQoQy|BBUbdJN;AAvrWds&BBUasXoAA2ISfW|BBUbdJN;BBDv9IT&BBUasXoAA3bhGW|BBUbdJN;AABbD1C&BBUasXoBBNZaKA|BBUbdJN;AAB6hqa&BBUasXoBBUcPfJ|BBUbdJN;AAsmnqz&BBUasXoBBGgFfH|BBUbdJN;BBMFPNi&BBUasXoAAyADni
user_308	BBUbdJN;AAAFdFZ&BBUasXoBBVJL7v|BBUbdJN;AAth6aY&BBUasXoBBVctFt|BBUbdJN;AAyADoH&BBUasXoBBOU2yT|BBUbdJN;BBUkAzR&BBUasXoAA3fe19|BBUbdJN;AAARmnD&BBUasXoBBLpup5|BBUbdJN;BBEJYF3&BBUasXoAAAF8Ww|BBUbdJN;BBOTCVl&BBUasXoAAB5HVc|BBUbdJN;BBLiEQ4&BBUasXoBBL5ktS
user_309	BBUbdJN;BBGKNlv&BBUasXoAAqJUn9|BBUbdJN;AA3fRp5&BBUasXoAAAsIkq|BBUbdJN;AAAR7gM&BBUasXoBBLrAmc|BBUbdJN;BBMVoOL&BBUasXoBBLHEz5|BBUbdJN;BBVSf5i&BBUasXoBBUjjnP|BBUbdJN;AAsgkkY&BBUasXoAA2guvq|BBUbdJN;BBDv9IT&BBUasXoAAu2Zc2|BBUbdJN;AAARCpt&BBUasXoAAxXoXX|BBUbdJN;AAv4n0c&BBUasXoAAxqWo3
user_310	BBUbdJN;BBUrbKT&BBUasXoBBGk7uy|BBUbdJN;AAARdDZ&BBUasXoBB100PnO|BBUbdJN;AAy1Qm9&BBUasXoBBV1Nzg|BBUbdJN;AAwEPYW&BBUasXoAAARpcX|BBUbdJN;BBLIVQb&BBUasXoBBMzs4Z|BBUbdJN;AABHWVu&BBUasXoBBL6QWY|BBUbdJN;BBMB5u5&BBUasXoBBV1Nzg|BBUbdJN;AAB9dOB&BBUasXoBBMBEtM|BBUbdJN;AAAF8Ww&BBUasXoBBUcPfJ
user_311	BBUbdJN;BBUq5wh&BBUasXoBBVQfhU|BBUbdJN;AAylz6W&BBUasXoAABQlEh|BBUbdJN;BBMFttU&BBUasXoBBFXt5V|BBUbdJN;AABKIuj&BBUasXoBBUgFWE|BBUbdJN;BBKQA09&BBUasXoAArWO54|BBUbdJN;AAB2j3e&BBUasXoBBV5WXI|BBUbdJN;BBLsRAt&BBUasXoAAATqB7|BBUbdJN;BBVXRjR&BBUasXoBBLHEz5
user_312	BBUbdJN;AABYiwg&BBUasXoBBGgysX|BBUbdJN;BBMEtDi&BBUasXoAAARviJ
user_313	BBUbdJN;AAxXrqD&BBUasXoAAAZ3SN|BBUbdJN;BBGgFfH&BBUasXoBBVSf5i|BBUbdJN;BBNc2I7&BBUasXoBBV2YJR|BBUbdJN;AA3fRp5&BBUasXoBBLCByC|BBUbdJN;AAtVp0r&BBUasXoBBKStQc|BBUbdJN;AAzRkaY&BBUasXoBBOthIn|BBUbdJN;BBLIVQb&BBUasXoAArnRKI
user_314	BBUbdJN;BBMbXWT&BBUasXoBBVEVeo|BBUbdJN;AAADQlB&BBUasXoBBJVL0J
user_315	BBUbdJN;AA4VInT&BBUasXoAAARwH5|BBUbdJN;BBDWniw&BBUasXoBBHwetM|BBUbdJN;AAATGya&BBUasXoBBMFM09|BBUbdJN;AAzRkaY&BBUasXoBBOthIn|BBUbdJN;BBLzxW3&BBUasXoBBKJtyu|BBUbdJN;BBL5ktS&BBUasXoBBH6sqU|BBUbdJN;BBVQVOk&BBUasXoAAvfI8G
user_316	BBUbdJN;AAuGRQP&BBUasXoBBHO6dr|BBUbdJN;AAAZoxS&BBUasXoBB100YVl|BBUbdJN;AAyADnw&BBUasXoAAAeUHj|BBUbdJN;BBV4elZ&BBUasXoBBLHZ7H|BBUbdJN;BBMXMHI&BBUasXoBB100Bx9
user_317	BBUbdJN;AAxnVFg&BBUasXoBBFpq8n|BBUbdJN;AAB5HVc&BBUasXoBBVXK7i|BBUbdJN;BBLIVQb&BBUasXoBBV4fjE|BBUbdJN;BBUxQNx&BBUasXoAAxOeQ4|BBUbdJN;AAx0Vlx&BBUasXoBBNc2I7|BBUbdJN;AArwsEO&BBUasXoBBMYv4d|BBUbdJN;AAARaTv&BBUasXoBBKStQc|BBUbdJN;AAyADni&BBUasXoBBV4elZ
user_318	BBUbdJN;AAARmnD&BBUasXoAABG8UE|BBUbdJN;BBLIVQb&BBUasXoBBIdY6V|BBUbdJN;AAARaTv&BBUasXoBB100Bx9|BBUbdJN;AAwzsR8&BBUasXoAAuu5er
user_319	BBUbdJN;AAATGy9&BBUasXoAAAQUuk|BBUbdJN;BBVSq8f&BBUasXoAArwsEO|BBUbdJN;AAylz6W&BBUasXoAAAZi8t|BBUbdJN;BBEKb2q&BBUasXoAAyAKST|BBUbdJN;BBLwB05&BBUasXoAAyAS4w|BBUbdJN;BBHwetM&BBUasXoBBVZkn0|BBUbdJN;BBLrAmc&BBUasXoAAwQoQy
user_320	BBUbdJN;AAyAKST&BBUasXoAAARGsX|BBUbdJN;AAxqWo3&BBUasXoAAAogC5|BBUbdJN;BBKQA09&BBUasXoAAvNkM0|BBUbdJN;BBUkAzR&BBUasXoAAuP7ue|BBUbdJN;BBGgysX&BBUasXoAAB6hqa|BBUbdJN;AA3a5Ia&BBUasXoBBV6cLI
user_321	BBUbdJN;BBLpup5&BBUasXoBBNca9o|BBUbdJN;BBV4elZ&BBUasXoBBHwetM|BBUbdJN;AAv7lDX&BBUasXoAAARCpt|BBUbdJN;AAyADnw&BBUasXoAAsevdg|BBUbdJN;AAyADnw&BBUasXoBBLD170|BBUbdJN;AA3fRp5&BBUasXoBBLIXmS|BBUbdJN;AArWDxX&BBUasXoBBFncaK|BBUbdJN;AA4VBvU&BBUasXoBBV1ppM
user_322	BBUbdJN;AAxXrqD&BBUasXoAABQlEh|BBUbdJN;AAAcG3S&BBUasXoAAwEGzs|BBUbdJN;AAxqWo3&BBUasXoAAwr9Xz|BBUbdJN;AAAM6VA&BBUasXoAAyy9gw|BBUbdJN;BBN7eiN&BBUasXoAAsQvKB
user_323	BBUbdJN;BBVYlgd&BBUasXoAAAOsM0|BBUbdJN;AAzgHgu&BBUasXoAAB5RFI|BBUbdJN;BBMe8DV&BBUasXoAAAR7gM|BBUbdJN;AA3fRp5&BBUasXoBBIaCq5|BBUbdJN;AAwyZza&BBUasXoAABHWVu|BBUbdJN;BBLzxW3&BBUasXoAAtnEW6|BBUbdJN;BBUoXbO&BBUasXoAAuOQ0L
user_324	BBUbdJN;AAAOoQT&BBUasXoAAARCpt|BBUbdJN;AAqkbhx&BBUasXoBBIwSPD|BBUbdJN;BBL5ktS&BBUasXoAAB3hqW|BBUbdJN;BBLCOcI&BBUasXoAAv1HhQ|BBUbdJN;AAyAKST&BBUasXoAAvXr8T|BBUbdJN;BBKZ16M&BBUasXoAArwsEO|BBUbdJN;AAAMySP&BBUasXoAAAogC5
user_325	BBUbdJN;BBNhGI1&BBUasXoBBIdY6V|BBUbdJN;BBHnGQc&BBUasXoBBMFvW0|BBUbdJN;BBDv9IT&BBUasXoBBVQfhU|BBUbdJN;BBV4elZ&BBUasXoAAB25cr|BBUbdJN;BBLD170&BBUasXoAAwUqse|BBUbdJN;BBHuIzA&BBUasXoAAAWOYZ|BBUbdJN;AAvisbZ&BBUasXoBBOsyuJ|BBUbdJN;BBMe8DV&BBUasXoAAAW0DF|BBUbdJN;AAAMySP&BBUasXoBBLEWTA|BBUbdJN;BBNS2z7&BBUasXoAAyAKUa
user_326	BBUbdJN;BBMXL6V&BBUasXoAAv4n0c|BBUbdJN;BBMbXWT&BBUasXoAAAZ5xA|BBUbdJN;BBOtp3v&BBUasXoBBNhGI1|BBUbdJN;AAxXrqD&BBUasXoAAA7oHF|BBUbdJN;BBGMYEq&BBUasXoBBKPLyt|BBUbdJN;BBKrukC&BBUasXoBBHO6dr|BBUbdJN;AABAsBx&BBUasXoBBNaIrb|BBUbdJN;AAth6aY&BBUasXoAABG8UE
user_327	BBUbdJN;BBGMYEq&BBUasXoAAAZkwq|BBUbdJN;AAAZkwq&BBUasXoBBGjJRO
user_328	BBUbdJN;BBMA2Cr&BBUasXoAAAKyNl|BBUbdJN;AAB5RFI&BBUasXoBBUxQNx|BBUbdJN;AABKX9K&BBUasXoBBMhA5P|BBUbdJN;AABQDiu&BBUasXoBBGKNlv|BBUbdJN;BBND51v&BBUasXoBBVSjds|BBUbdJN;BBNXlUe&BBUasXoBBMTKyQ|BBUbdJN;BBMhA5P&BBUasXoAAxnVFg
user_329	BBUbdJN;AAAgGcl&BBUasXoBBVM55R|BBUbdJN;AAyiDLG&BBUasXoAAyAKTH|BBUbdJN;AAy2kZX&BBUasXoAAB69ip|BBUbdJN;AAw0UUH&BBUasXoAArwsEO|BBUbdJN;BBMTKyQ&BBUasXoAA8X1Au|BBUbdJN;BBMZWbw&BBUasXoBBMFttU|BBUbdJN;BBMi5bl&BBUasXoBBMZWbw|BBUbdJN;BBLsRAt&BBUasXoAAyAABs|BBUbdJN;AA8lMqC&BBUasXoBBN7eiN|BBUbdJN;AAxnVFg&BBUasXoAAB25cr
user_330	BBUbdJN;AAw0UUH&BBUasXoBBM4c2a|BBUbdJN;AA3hFc6&BBUasXoBBH6sqU|BBUbdJN;AA2eTBe&BBUasXoBBH9KRa|BBUbdJN;AAB2iuR&BBUasXoBBNWiNe|BBUbdJN;BBEY0sP&BBUasXoBBVMCOX|BBUbdJN;BBOTCVl&BBUasXoBBVF8u8|BBUbdJN;BBMA2Cr&BBUasXoAAyAS4w|BBUbdJN;AAth6aY&BBUasXoBBNTrPF|BBUbdJN;AA3fRp5&BBUasXoBBL9Ih9
user_331	BBUbdJN;BBUgFWE&BBUasXoBBUcPfJ|BBUbdJN;BBIwSPD&BBUasXoAA3fApc|BBUbdJN;AAA0qq0&BBUasXoBBKQA09
user_332	BBUbdJN;BBLsyWp&BBUasXoAAAFGsN|BBUbdJN;BBVctFt&BBUasXoBBIdbe0|BBUbdJN;AAyAS4w&BBUasXoAAB9dOB|BBUbdJN;BBMFPNi&BBUasXoAAAcG3S|BBUbdJN;BBUrbKT&BBUasXoAAwEGzs|BBUbdJN;AABQDiu&BBUasXoBBNwUmh|BBUbdJN;BBKPLyt&BBUasXoBBNcqER|BBUbdJN;BBGvfOS&BBUasXoAA2gs73
user_333	BBUbdJN;AAATuMd&BBUasXoAA4VBvU|BBUbdJN;BBMEtDi&BBUasXoBBKrukC|BBUbdJN;BBJCeKv&BBUasXoAAzRkaY|BBUbdJN;BBNZaKA&BBUasXoBBUg5Or|BBUbdJN;AAwfVUE&BBUasXoBBVQT2P|BBUbdJN;BBMVdpZ&BBUasXoAAARCpt|BBUbdJN;AA3ggk0&BBUasXoAAAMdk8|BBUbdJN;BBV4fjE&BBUasXoBBNc2I7|BBUbdJN;AAAOsM0&BBUasXoAAAFdFZ|BBUbdJN;AAvKr4V&BBUasXoAAB25cr
user_334	BBUbdJN;BBUasXo&BBUasXoBBUbdJN|BBUbdJN;BBNYxiX&BBUasXoBBLF0Gc|BBUbdJN;AA8X1Au&BBUasXoAAvXr8T|BBUbdJN;BBVYlgd&BBUasXoBBVQT2P
user_335	BBUbdJN;BBLsyWp&BBUasXoBBLLcb7|BBUbdJN;BBLUFYs&BBUasXoBBOwH0B|BBUbdJN;BBMRGoj&BBUasXoBBH9KRa
user_336	BBUbdJN;AAqkbhx&BBUasXoAA8lMqC|BBUbdJN;BBVFacd&BBUasXoBBNYxiX|BBUbdJN;BBIdbe0&BBUasXoBBVFn5b|BBUbdJN;BBMYv4d&BBUasXoBBJlkaq
user_337	BBUbdJN;BBUtASG&BBUasXoBBFpq8n|BBUbdJN;BBVI2Ci&BBUasXoBBUg9Do|BBUbdJN;BBUoXbO&BBUasXoBBMhA5P|BBUbdJN;AA2gs73&BBUasXoAAvfI8G|BBUbdJN;AAx0Vlx&BBUasXoAABDHTv|BBUbdJN;BBIL0CC&BBUasXoBBDmzK7|BBUbdJN;BBVMCOX&BBUasXoBBJ963r|BBUbdJN;BBLk0Zw&BBUasXoBBMVoOL|BBUbdJN;AAyADni&BBUasXoAAvfxhN
user_338	BBUbdJN;BBN7eiN&BBUasXoAAB3hqW|BBUbdJN;BBDmzK7&BBUasXoAAB2EcG|BBUbdJN;AAARdDZ&BBUasXoBBV5WXI|BBUbdJN;BBMi5bl&BBUasXoAAAGO2m
user_339	BBUbdJN;BBJVL0J&BBUasXoBBKPLyt|BBUbdJN;BBVNEMA&BBUasXoBBLAgxA|BBUbdJN;AAATGy9&BBUasXoAABQDiu|BBUbdJN;BBHwnKx&BBUasXoBBM4c2a|BBUbdJN;BBId9nm&BBUasXoAAAZ5xA|BBUbdJN;BBLEWTA&BBUasXoAAxnVFg|BBUbdJN;BBMB5u5&BBUasXoBBMzs4Z|BBUbdJN;BBDWniw&BBUasXoBBJ963r|BBUbdJN;BBEKb2q&BBUasXoAA4VInT|BBUbdJN;AAATGya&BBUasXoAAATGy9
user_340	BBUbdJN;AABGTFJ&BBUasXoBBGKNlv|BBUbdJN;BBJlkaq&BBUasXoBBVFn5b|BBUbdJN;BBVNFvj&BBUasXoBBNXlUe
user_341	BBUbdJN;BBVCYjd&BBUasXoBBVSjds|BBUbdJN;AABJILs&BBUasXoAA85LCJ
user_342	BBUbdJN;AAsgkkY&BBUasXoAABE6ab|BBUbdJN;BBIq49J&BBUasXoAAtVp0r|BBUbdJN;BBLzxW3&BBUasXoBBLAgxA|BBUbdJN;BBJVL0J&BBUasXoBBNca9o
user_343	BBUbdJN;BBV4YU5&BBUasXoAAAM6Jx|BBUbdJN;AAAFGsN&BBUasXoBBVCYjd|BBUbdJN;AABQDiu&BBUasXoAA5bCkb|BBUbdJN;AA3ggk0&BBUasXoBB100IjZ|BBUbdJN;BBJdoAY&BBUasXoBBMEtDi|BBUbdJN;BBL6kTL&BBUasXoBBV6cLI|BBUbdJN;BBFXt5V&BBUasXoBBVjtjw|BBUbdJN;BBMoFtL&BBUasXoBB100FCF|BBUbdJN;BBLF0Gc&BBUasXoBBUlE3c
user_344	BBUbdJN;AAuGRQP&BBUasXoBBVEbo2|BBUbdJN;BBVJL7v&BBUasXoBBVR0K0|BBUbdJN;BBNca9o&BBUasXoBBUoXbO|BBUbdJN;AAuu5er&BBUasXoAAAOoQT
user_345	BBUbdJN;AAwAhvm&BBUasXoBBFXt5V|BBUbdJN;BBOTCVl&BBUasXoBBORW98|BBUbdJN;BBIq49J&BBUasXoBBNYBjr
user_346	BBUbdJN;AA3fe19&BBUasXoAAvKkO1|BBUbdJN;AAxZgFU&BBUasXoBBIwSPD|BBUbdJN;BBMhA5P&BBUasXoAAAgGcl|BBUbdJN;BBVEbo2&BBUasXoAAxXuir|BBUbdJN;AABQDiu&BBUasXoAAv1HhQ|BBUbdJN;AABKIuj&BBUasXoBBUkAzR|BBUbdJN;BBOsyuJ&BBUasXoBBHO6dr|BBUbdJN;AABKX9K&BBUasXoBBIwOYv|BBUbdJN;BBVNEMA&BBUasXoBBLjMHu
user_347	BBUbdJN;BBLIVQb&BBUasXoBBVjypU|BBUbdJN;AAAASQL&BBUasXoBBUkAzR|BBUbdJN;BBMFttU&BBUasXoAA3fRp5|BBUbdJN;AAAROdV&BBUasXoBBIaCq5|BBUbdJN;AAyAKUa&BBUasXoAAwUqse|BBUbdJN;BBLk0Zw&BBUasXoAAARwH5|BBUbdJN;AAxZgFU&BBUasXoAAxXrqD|BBUbdJN;AAANign&BBUasXoBBLIXmS|BBUbdJN;BBV5WXI&BBUasXoBBV894B|BBUbdJN;BBMVhJ9&BBUasXoBBLIVQb
user_348	BBUbdJN;AAsurj6&BBUasXoBBN0NAK
user_349	BBUbdJN;AAqJUn9&BBUasXoBBMTKyQ|BBUbdJN;BBLEWTA&BBUasXoBBMWWXk|BBUbdJN;AAyN37H&BBUasXoAAsQvKB
user_350	BBUbdJN;BBHO6dr&BBUasXoBBVSf5i
user_351	BBUbdJN;BBVM55R&BBUasXoAAARdDZ|BBUbdJN;BBLnEkX&BBUasXoAAAW0DF|BBUbdJN;BBUlE3c&BBUasXoBBNkt7C|BBUbdJN;BBFpq8n&BBUasXoBBOoDSm|BBUbdJN;AAzW6h1&BBUasXoBBL9Ih9|BBUbdJN;BBLDqj4&BBUasXoAAx0Vlx|BBUbdJN;AAyiDLG&BBUasXoBBMygGa
user_352	BBUbdJN;BBV1Nzg&BBUasXoAAwEPYW|BBUbdJN;BBUgEu2&BBUasXoBBKZ16M|BBUbdJN;BBMwCS8&BBUasXoBBVhV5z|BBUbdJN;BBMvpSD&BBUasXoAABGTFJ|BBUbdJN;AAARyVb&BBUasXoAAARwH5|BBUbdJN;BB1009hG&BBUasXoAArwsEO|BBUbdJN;BBLnEkX&BBUasXoAAAtcpS|BBUbdJN;BBMHokT&BBUasXoAAAW0DF
user_353	BBUbdJN;BBUgEu2&BBUasXoBBNhGI1|BBUbdJN;AA3hFc6&BBUasXoBBOtp3v
user_354	BBUbdJN;BBMVdpZ&BBUasXoBBKvmih|BBUbdJN;AAAWpRv&BBUasXoBBMhA5P|BBUbdJN;BBVSktv&BBUasXoBBMB5u5|BBUbdJN;AABDHTv&BBUasXoBBLkdd0|BBUbdJN;BBVXyzp&BBUasXoBBV1ppM|BBUbdJN;AAyAABs&BBUasXoBBV5WXI|BBUbdJN;AAAeUHj&BBUasXoBBUoXbO|BBUbdJN;BBMoFtL&BBUasXoAAA0qq0|BBUbdJN;BBMHYHC&BBUasXoAAxXAWa|BBUbdJN;AAqkbhx&BBUasXoAAwQoQy
user_355	BBUbdJN;BBH6sqU&BBUasXoAAB5HVc|BBUbdJN;BBMi5ey&BBUasXoAAyAKST|BBUbdJN;BBL6W4H&BBUasXoAAAWOYZ
user_356	BBUbdJN;BBV4zz7&BBUasXoAAyAS4w|BBUbdJN;AAATk1K&BBUasXoAAAZkwq|BBUbdJN;AA9npVj&BBUasXoBBVjypU|BBUbdJN;AAB5HVc&BBUasXoAA3fApc
user_357	BBUbdJN;AAyADnw&BBUasXoBBMEtDi|BBUbdJN;AAAO4pd&BBUasXoAAxXoXX|BBUbdJN;AAAQUuk&BBUasXoAAATuMd|BBUbdJN;BBLCOcI&BBUasXoAAATGy9|BBUbdJN;BBNXlUe&BBUasXoBBNYxiX|BBUbdJN;AAARL6T&BBUasXoAAAOiNg
user_358	BBUbdJN;BBIzno8&BBUasXoAABE6ab|BBUbdJN;BBVQfhU&BBUasXoBBNTrPF|BBUbdJN;BBJlkaq&BBUasXoBBMJwbb
user_359	BBUbdJN;AAAR7gM&BBUasXoBBMe8DV|BBUbdJN;AABAsBx&BBUasXoAAB8TGp|BBUbdJN;AAAWpRv&BBUasXoAA3gf2C|BBUbdJN;BBKrukC&BBUasXoAA3i3hb|BBUbdJN;AAwr9Xz&BBUasXoBBLHWzM|BBUbdJN;AAAREgH&BBUasXoAAB69ip|BBUbdJN;AAuP7ue&BBUasXoAAv4n0c|BBUbdJN;AA5bCkb&BBUasXoAAtVp0r|BBUbdJN;BBNT7UF&BBUasXoAAuJwxQ|BBUbdJN;BBHwetM&BBUasXoBBNYBjr
user_360	BBUbdJN;BBUg9Do&BBUasXoAAzMwyp|BBUbdJN;AAARyVb&BBUasXoAAARmnD|BBUbdJN;AABKX9K&BBUasXoAAAZd20|BBUbdJN;AAuJwxQ&BBUasXoBBN0NAK
user_361	BBUbdJN;AAv1HhQ&BBUasXoAAA0qq0|BBUbdJN;BBL2uNw&BBUasXoBBNcDBd|BBUbdJN;AA4Tc3G&BBUasXoAAAO4pd|BBUbdJN;BBLRPbG&BBUasXoAAAREgH|BBUbdJN;BBVSq8f&BBUasXoBBMVoOL|BBUbdJN;BBMFM09&BBUasXoAAAKyNl|BBUbdJN;AAvKoOa&BBUasXoAAAO4pd|BBUbdJN;BBVSjds&BBUasXoAA3ggk0|BBUbdJN;AAweMwJ&BBUasXoAAwAhvm|BBUbdJN;AABGH82&BBUasXoBBL2uNw
user_362	BBUbdJN;AAxXuir&BBUasXoBBMFPNi|BBUbdJN;AAAogC5&BBUasXoBBVGoI2|BBUbdJN;BBDmzK7&BBUasXoAABRuxD|BBUbdJN;BBGjJRO&BBUasXoBBLUFYs
user_363	BBUbdJN;BB100Bx9&BBUasXoBB100N6g|BBUbdJN;AABGTFJ&BBUasXoAAB2j3e|BBUbdJN;AAAHUdZ&BBUasXoBBMoFtL|BBUbdJN;AAxLVLO&BBUasXoAAACETv|BBUbdJN;BBVHk6z&BBUasXoBBKyR1L
user_364	BBUbdJN;AA3fApc&BBUasXoBBNRGhy|BBUbdJN;AA3hFc6&BBUasXoBBMRGoj|BBUbdJN;BBIdY6V&BBUasXoBBLLcb7|BBUbdJN;BBKRX2H&BBUasXoBBVGoI2|BBUbdJN;BBHriZh&BBUasXoAA85LCJ|BBUbdJN;AAy1Qm9&BBUasXoBBVFn5b|BBUbdJN;AABKIuj&BBUasXoAAAeUHj|BBUbdJN;AAAeUHj&BBUasXoAAAASQL|BBUbdJN;BBMYv4d&BBUasXoBBLUFYs
user_365	BBUbdJN;AAsQvKB&BBUasXoAAARmnD|BBUbdJN;AAtnEW6&BBUasXoAA3bhGW|BBUbdJN;BBV5WXI&BBUasXoAAAOIxS|BBUbdJN;BBIaCq5&BBUasXoBBMi5ey|BBUbdJN;BBVGoI2&BBUasXoAAA2FeL
user_366	BBUbdJN;AAweMwJ&BBUasXoBBMwCS8|BBUbdJN;AABE6ab&BBUasXoAABQlEh
user_367	BBUbdJN;AAARL6T&BBUasXoAAATuMd|BBUbdJN;BBV4YU5&BBUasXoBBLsyWp|BBUbdJN;AAwzsR8&BBUasXoBBV1Evc
user_368	BBUbdJN;BBMTKyQ&BBUasXoAABKX9K|BBUbdJN;BBVctFt&BBUasXoAAxl48x|BBUbdJN;BBFpq8n&BBUasXoBBLrAmc|BBUbdJN;AAv7lDX&BBUasXoBBIaCq5|BBUbdJN;AAyADni&BBUasXoAAAgGcl
user_369	BBUbdJN;AAA0qq0&BBUasXoBBVCYjd|BBUbdJN;AA3hFc6&BBUasXoBBNWiNe|BBUbdJN;BBMe8DV&BBUasXoAAyiDLG|BBUbdJN;BBMCoHF&BBUasXoAAAvJEv|BBUbdJN;BBORW98&BBUasXoAABJILs|BBUbdJN;AA3fApc&BBUasXoBBMXL6V|BBUbdJN;BBVhV5z&BBUasXoAAxL9NH
user_370	BBUbdJN;BBNRGhy&BBUasXoBBVSf5i|BBUbdJN;AAwfVUE&BBUasXoBBNFjp8|BBUbdJN;BBNT7UF&BBUasXoAA3hFc6
user_371	BBUbdJN;AAAtcpS&BBUasXoBBVNc5r|BBUbdJN;BBKStQc&BBUasXoAAAOrHc|BBUbdJN;AAw0UUH&BBUasXoBBKPLyt|BBUbdJN;BBEKZa9&BBUasXoAAA7oHF|BBUbdJN;AAB9dcY&BBUasXoAAsQvKB
user_372	BBUbdJN;BBIL0CC&BBUasXoAABG8UE|BBUbdJN;AAwEGzs&BBUasXoAAv4n0c|BBUbdJN;AAAOBDP&BBUasXoBBVNKNc|BBUbdJN;BBLZ3n0&BBUasXoBBV5WXI|BBUbdJN;AAsevdg&BBUasXoAA2guvq|BBUbdJN;BBMXL6V&BBUasXoAAu2Zc2|BBUbdJN;BBVlo2w&BBUasXoAAvL9ds|BBUbdJN;BBMKfHB&BBUasXoBBHnGQc|BBUbdJN;AAvfI8G&BBUasXoAAARruy
user_373	BBUbdJN;AABKIuj&BBUasXoBBNXlUe
user_374	BBUbdJN;AAyeTVF&BBUasXoAAx8xEK|BBUbdJN;BBVAcD5&BBUasXoBBN9xcZ|BBUbdJN;AA3i3hb&BBUasXoBBNFjp8|BBUbdJN;AAAROdV&BBUasXoAAxZgFU|BBUbdJN;BBMhA5P&BBUasXoAAqJUn9|BBUbdJN;AAwA9lA&BBUasXoBBLCByC
user_375	BBUbdJN;BBIaCq5&BBUasXoBBMwCS8|BBUbdJN;BBMXL6V&BBUasXoBBLzxW3|BBUbdJN;AA5bw9B&BBUasXoAAyAKTH|BBUbdJN;BBNYBjr&BBUasXoBB100N6g|BBUbdJN;AAvfI8G&BBUasXoBBV71BM|BBUbdJN;BBV894B&BBUasXoBBVJL7v|BBUbdJN;AAuP7ue&BBUasXoAArWO54
user_376	BBUbdJN;BBVEbo2&BBUasXoBBNf8oK|BBUbdJN;AAwzsR8&BBUasXoBBLnEkX|BBUbdJN;AAuOQ0L&BBUasXoBBVEVeo|BBUbdJN;AAB2j3e&BBUasXoBBVPV4Z
user_377	BBUbdJN;AAARJJ2&BBUasXoBBMoFtL|BBUbdJN;BBUpBMa&BBUasXoAAx8xEK|BBUbdJN;BBVAcD5&BBUasXoAA3ggk0|BBUbdJN;AAAogC5&BBUasXoAA3ggk0
user_378	BBUbdJN;BB100HPz&BBUasXoAABG8UE|BBUbdJN;BBF3RTF&BBUasXoAAATGy9|BBUbdJN;BBNc2I7&BBUasXoAAsevdg|BBUbdJN;AAyAPVN&BBUasXoAAAQUuk|BBUbdJN;AAsgkkY&BBUasXoBBND51v|BBUbdJN;BBKStQc&BBUasXoAAAZdwT|BBUbdJN;BBO1cwm&BBUasXoBBF3RTF|BBUbdJN;AAB69ip&BBUasXoBBJ3fVO
user_379	BBUbdJN;BBMVoOL&BBUasXoAAvrWds|BBUbdJN;AAyADo0&BBUasXoBBUq5wh|BBUbdJN;BBMzs4Z&BBUasXoAAB2iuR|BBUbdJN;BBOU2yT&BBUasXoBBVCYjd|BBUbdJN;AAARviJ&BBUasXoAAxDzxu|BBUbdJN;AAzW6h1&BBUasXoBBUg9Do|BBUbdJN;AAyAKST&BBUasXoAABJILs
user_380	BBUbdJN;BBKQA09&BBUasXoAAwTTtM|BBUbdJN;BBMFQdT&BBUasXoAAAASQL|BBUbdJN;AAvKr4V&BBUasXoBBL0xLh|BBUbdJN;BBL6kTL&BBUasXoBBOTCVl
user_381	BBUbdJN;AABW7Z7&BBUasXoBBOoDSm|BBUbdJN;AAxN4SL&BBUasXoAAAZoxS|BBUbdJN;BBUpBMa&BBUasXoAAy2kZX|BBUbdJN;BBMCoHF&BBUasXoBBVQfhU|BBUbdJN;BBOthIn&BBUasXoBBVM55R|BBUbdJN;AAxnVFg&BBUasXoBBVjtjw|BBUbdJN;BBNaIrb&BBUasXoBBEWBXY|BBUbdJN;AABKX9K&BBUasXoBBIwOYv|BBUbdJN;BBMXL6V&BBUasXoBBNWiNe|BBUbdJN;AAAHUdZ&BBUasXoAAB25cr
user_382	BBUbdJN;BBUawlm&BBUasXoAABDHTv|BBUbdJN;AAAM6VA&BBUasXoAAATRJv|BBUbdJN;AAwAhvm&BBUasXoAAARruy|BBUbdJN;BBVF8u8&BBUasXoBBMdSnO|BBUbdJN;BBLAntn&BBUasXoBBLIVQb|BBUbdJN;BBEJYF3&BBUasXoBBMHYHC
user_383	BBUbdJN;BBHuIzA&BBUasXoAAvKr4V|BBUbdJN;AABDHTv&BBUasXoAAuu5er|BBUbdJN;BBJlkaq&BBUasXoBBL6vWz|BBUbdJN;BBV2YJR&BBUasXoBBLEWTA|BBUbdJN;BBJ3fVO&BBUasXoBBJCeKv|BBUbdJN;AAAZd20&BBUasXoBBLIVQb|BBUbdJN;BBOU2yT&BBUasXoBBNwUmh|BBUbdJN;BBLEWTA&BBUasXoBBMFQdT
user_384	BBUbdJN;AAuP7ue&BBUasXoBBN9xcZ|BBUbdJN;BBHwetM&BBUasXoAAwEPYW|BBUbdJN;BBN0NAK&BBUasXoAAyAKTH|BBUbdJN;AArnRKI&BBUasXoAAAFdFZ
user_385	BBUbdJN;AAAROdV&BBUasXoAAvfxhN|BBUbdJN;BBEKb2q&BBUasXoAAsesZq
user_386	BBUbdJN;BBMHYHC&BBUasXoBBIaCq5|BBUbdJN;AAxYab2&BBUasXoBBNYxiX|BBUbdJN;BBJ3fVO&BBUasXoAAARJJ2|BBUbdJN;AAy2kZX&BBUasXoAAApGWa|BBUbdJN;BBLIQ0T&BBUasXoBBMoFtL|BBUbdJN;AA5bw9B&BBUasXoBBVI2Ci|BBUbdJN;BBL6W4H&BBUasXoAA2gs73|BBUbdJN;BBLuDsT&BBUasXoAAAZd20
user_387	BBUbdJN;BB100HPz&BBUasXoBBLiEQ4|BBUbdJN;BBDv9IT&BBUasXoBBJlkaq|BBUbdJN;AAATRJv&BBUasXoBBKZ16M
user_388	BBUbdJN;BBJVL0J&BBUasXoBBJiVaa|BBUbdJN;BBUlE3c&BBUasXoAAAM6Jx|BBUbdJN;BBHwetM&BBUasXoBBLT5vU
user_389	BBUbdJN;AAACETv&BBUasXoAAAASQL|BBUbdJN;AAB2j3e&BBUasXoBBVXyzp|BBUbdJN;BBN0NAK&BBUasXoAAvfxhN|BBUbdJN;BBMZWbw&BBUasXoAAxnxl0
user_390	BBUbdJN;AAB6hqa&BBUasXoBBVSjd1
user_391	BBUbdJN;BBL6AZc&BBUasXoAAyN37H|BBUbdJN;BBIwSPD&BBUasXoAAARdDZ|BBUbdJN;BBVKYPA&BBUasXoBBVJL7v|BBUbdJN;AAANCDc&BBUasXoBBLsRAt
user_392	BBUbdJN;AAAZ5xA&BBUasXoBBKRX2H|BBUbdJN;BBLZ3n0&BBUasXoAAARL6T|BBUbdJN;BBLkc0L&BBUasXoBBVNKNc|BBUbdJN;AABKX9K&BBUasXoBBLCByC|BBUbdJN;BBVAcD5&BBUasXoAAB2u3I|BBUbdJN;AAyAKUa&BBUasXoAAB3hqW|BBUbdJN;AABG8UE&BBUasXoBBLIVQb
user_393	BBUbdJN;AAARyVb&BBUasXoBBUg9Do|BBUbdJN;BBVEbo2&BBUasXoBBJiVaa|BBUbdJN;AAACETv&BBUasXoBBHuIzA|BBUbdJN;BBORW98&BBUasXoAArnRKI|BBUbdJN;BBN0NAK&BBUasXoAAvL9ds|BBUbdJN;AAAW0DF&BBUasXoBBV2YJR|BBUbdJN;BBLiEQ4&BBUasXoAAxl48x|BBUbdJN;BBMVoOL&BBUasXoAA5bCkb|BBUbdJN;BBVR0K0&BBUasXoAAxnVFg|BBUbdJN;BBMVhJ9&BBUasXoAAv7lDX
user_394	BBUbdJN;BBV6cLI&BBUasXoBBNca9o|BBUbdJN;BBMKfHB&BBUasXoBBHwetM|BBUbdJN;BBVFiDd&BBUasXoBBLHEz5|BBUbdJN;AAtVp0r&BBUasXoBBVQVOk|BBUbdJN;AAsXRjK&BBUasXoBB100PnO
user_395	BBUbdJN;BBUjjnP&BBUasXoBB100IjZ|BBUbdJN;BBVPV4Z&BBUasXoBBLIXmS|BBUbdJN;BBMwCS8&BBUasXoBBUjjnP|BBUbdJN;BBUojmR&BBUasXoAAxDzxu|BBUbdJN;AAwEPYW&BBUasXoBBV2YJR|BBUbdJN;BBV894B&BBUasXoBBMdSnO|BBUbdJN;AAyAKUa&BBUasXoAAARaTv
user_396	BBUbdJN;AAwfVUE&BBUasXoAAwQoQy|BBUbdJN;AAxN4SL&BBUasXoBBVFn5b|BBUbdJN;AABHWVu&BBUasXoBBLHWzM|BBUbdJN;AAxl48x&BBUasXoBBNZaKA|BBUbdJN;AAwTTtM&BBUasXoBBND51v|BBUbdJN;AAvfuF2&BBUasXoAA3gpLN|BBUbdJN;BBLjMHu&BBUasXoBBM4c2a|BBUbdJN;BBVQT2P&BBUasXoBBLAgxA|BBUbdJN;AAuu5er&BBUasXoAAqJUn9|BBUbdJN;AAwrGv8&BBUasXoBBEWBXY
user_397	BBUbdJN;BBLkwJA&BBUasXoAAAOBDP|BBUbdJN;AAu2Zc2&BBUasXoBBMygGa
user_398	BBUbdJN;BBH6ntg&BBUasXoAAAMySP|BBUbdJN;BBHLQtE&BBUasXoBBLnEkX|BBUbdJN;AAATqB7&BBUasXoAAyiDLG|BBUbdJN;BBUuibK&BBUasXoBBMwCS8
user_399	BBUbdJN;BBUgFWE&BBUasXoBBMVoOL|BBUbdJN;AAARmnD&BBUasXoAArwsEO
user_400	BBUbdJN;AA2ISfW&BBUasXoBB100N6g|BBUbdJN;AAARmnD&BBUasXoBBIdbe0|BBUbdJN;AABE6ab&BBUasXoAAyy9gw|BBUbdJN;AABGH82&BBUasXoAAzMwyp|BBUbdJN;AAth6aY&BBUasXoBBVhV5z|BBUbdJN;AAtVp0r&BBUasXoAAALMuJ|BBUbdJN;AAALMuJ&BBUasXoBB100N6g
user_401	BBUbdJN;BBV4YU5&BBUasXoBBUg9Do|BBUbdJN;BBVAcD5&BBUasXoBBLnEkX|BBUbdJN;AAxOeQ4&BBUasXoBBEKb2q|BBUbdJN;AAvL9ds&BBUasXoBBKQA09|BBUbdJN;AAsmnqz&BBUasXoAAAtcpS|BBUbdJN;AAy7GfC&BBUasXoBBLkwJA
user_402	BBUbdJN;BBMA2Cr&BBUasXoBBKrukC|BBUbdJN;AAAO4pd&BBUasXoBBMBEtM|BBUbdJN;AAAZ3SN&BBUasXoAAB5HVc|BBUbdJN;AAsmnqz&BBUasXoBBVQVOk|BBUbdJN;BBVjtjw&BBUasXoAAAMdk8|BBUbdJN;AAyADo0&BBUasXoBBIwSPD
user_403	BBUbdJN;BB100N6g&BBUasXoBBUgeaU|BBUbdJN;BBNWiNe&BBUasXoBBHuIzA|BBUbdJN;BBLIVQb&BBUasXoAA2gs73|BBUbdJN;BBOtp3v&BBUasXoBBGMYEq|BBUbdJN;BBNc2I7&BBUasXoAAAZd20|BBUbdJN;BBORW98&BBUasXoBBLLcb7|BBUbdJN;AAw0UUH&BBUasXoBBJTQ6I|BBUbdJN;BBL9Ih9&BBUasXoBBUpBMa
user_404	BBUbdJN;BBGvfOS&BBUasXoAAB1Mio|BBUbdJN;AAyAS4w&BBUasXoAA3gpLN|BBUbdJN;AAuGRQP&BBUasXoAAyAKUa|BBUbdJN;AAAMfsk&BBUasXoAAB8TGp|BBUbdJN;AAARJJ2&BBUasXoAAApGWa|BBUbdJN;AAy7GfC&BBUasXoAAu2Zc2|BBUbdJN;AAATGya&BBUasXoBBVSYWP|BBUbdJN;AAAZoxS&BBUasXoAAAF8Ww|BBUbdJN;AAxZgFU&BBUasXoBBLAgxA|BBUbdJN;BBV4fIV&BBUasXoAAARJJ2
user_405	BBUbdJN;AAwzsR8&BBUasXoAAAZoxS|BBUbdJN;BBF3RTF&BBUasXoBBNXlUe|BBUbdJN;BBKvmih&BBUasXoBBNca9o|BBUbdJN;AAA0qq0&BBUasXoBBKh2ML|BBUbdJN;BBLuDsT&BBUasXoAA2gs73|BBUbdJN;AAy1Qm9&BBUasXoAAAT4SG|BBUbdJN;BBVGoI2&BBUasXoBBHnGQc|BBUbdJN;BBVPE58&BBUasXoBBVMCOX
user_406	BBUbdJN;BBMVdpZ&BBUasXoBBGvfOS|BBUbdJN;AAAROdV&BBUasXoBBHLQtE
user_407	BBUbdJN;AAsevdg&BBUasXoAAyADoH|BBUbdJN;BBN7eiN&BBUasXoAA8X1Au|BBUbdJN;AAyAKTH&BBUasXoAAxXAye|BBUbdJN;BBIq49J&BBUasXoBBMVoOL
user_408	BBUbdJN;BBMvpSD&BBUasXoAAyADoH
user_409	BBUbdJN;AAxXoXX&BBUasXoAAAgDqT|BBUbdJN;AA2guvq&BBUasXoBBOoDSm|BBUbdJN;BBUvu4V&BBUasXoBBMRGoj|BBUbdJN;BBUtASG&BBUasXoBBV6cLI|BBUbdJN;BBLyKAN&BBUasXoAA3ggk0|BBUbdJN;AAAOsM0&BBUasXoAA3gfvH|BBUbdJN;BBLSQ3o&BBUasXoAAAtcpS|BBUbdJN;AAAASQL&BBUasXoBBV4zz7|BBUbdJN;BBL6CAZ&BBUasXoBBMiarN|BBUbdJN;AAvKkO1&BBUasXoBBLF0Gc
user_410	BBUbdJN;AAAROdV&BBUasXoBBMJwbb|BBUbdJN;AAAYpAW&BBUasXoBBVF8u8|BBUbdJN;BBV2YJR&BBUasXoAABDHTv|BBUbdJN;BBVFacd&BBUasXoBBL9Ih9|BBUbdJN;AAATk1K&BBUasXoAABDHTv
user_411	BBUbdJN;BBVHk6z&BBUasXoAAADukn|BBUbdJN;AABbD1C&BBUasXoBBLD170|BBUbdJN;BBMEtDi&BBUasXoAAAF8Ww|BBUbdJN;AAyADnD&BBUasXoBBVPV4Z|BBUbdJN;BBKZ16M&BBUasXoBBMA2Cr|BBUbdJN;BBDWniw&BBUasXoAAxYab2|BBUbdJN;AA2qznx&BBUasXoAAAT4SG|BBUbdJN;BBL6CAZ&BBUasXoBBLDqj4|BBUbdJN;BBVSjd1&BBUasXoAABRuxD
user_412	BBUbdJN;BBLLcb7&BBUasXoAABHWVu|BBUbdJN;BBVFacd&BBUasXoAAyADnD|BBUbdJN;BBLk0Zw&BBUasXoBBOsyuJ|BBUbdJN;BBJiVaa&BBUasXoAABGTFJ|BBUbdJN;BBN0NAK&BBUasXoBBMi5ey
user_413	BBUbdJN;BBUgFWE&BBUasXoAA3fRp5|BBUbdJN;BBMWWXk&BBUasXoBBMzs4Z|BBUbdJN;BBDWniw&BBUasXoAAAgDqT|BBUbdJN;BBNZaKA&BBUasXoAAB1Mio|BBUbdJN;BBLRPbG&BBUasXoBBNf8oK|BBUbdJN;AAAWOYZ&BBUasXoAA3ggk0|BBUbdJN;BBNca9o&BBUasXoBBId9nm
user_414	BBUbdJN;AAwEGzs&BBUasXoBBLnEkX
user_415	BBUbdJN;AAuOQ0L&BBUasXoAAxXp14|BBUbdJN;AAyAS4w&BBUasXoBBNZaKA|BBUbdJN;BBVR0K0&BBUasXoBBVhV5z
user_416	BBUbdJN;BBV3BKC&BBUasXoAAsXRjK
user_417	BBUbdJN;AAAZi8t&BBUasXoBBMi5ey
user_418	BBUbdJN;BBNc2I7&BBUasXoBBKyR1L|BBUbdJN;AAADukn&BBUasXoAAAOBDP|BBUbdJN;AAB5HVc&BBUasXoBBVR0K0|BBUbdJN;BBVSYWP&BBUasXoBBHwnKx|BBUbdJN;AAB5RFI&BBUasXoAAyN37H|BBUbdJN;AAxLVLO&BBUasXoBBMvpSD|BBUbdJN;BBL0xLh&BBUasXoAA4VInT|BBUbdJN;BBUpBMa&BBUasXoBBIdbe0
user_419	BBUbdJN;BBMEtDi&BBUasXoAAATGy9|BBUbdJN;AAAROdV&BBUasXoBBVI2Ci|BBUbdJN;BB100YVl&BBUasXoAAuJwxQ|BBUbdJN;BBVKYPA&BBUasXoAAAWOYZ|BBUbdJN;BBNYnWJ&BBUasXoAA85LCJ|BBUbdJN;AA3gfvH&BBUasXoBBL2uNw|BBUbdJN;AA2qznx&BBUasXoAAyAABs|BBUbdJN;BBND51v&BBUasXoBBMKtn3|BBUbdJN;AABRuxD&BBUasXoBBIdY6V
user_420	BBUbdJN;BBNTrPF&BBUasXoBBLuDsT|BBUbdJN;BBUojmR&BBUasXoAABKX9K|BBUbdJN;AAtEqjb&BBUasXoAAAsIkq|BBUbdJN;AA8X1Au&BBUasXoAAAgDqT
user_421	BBUbdJN;AAyAPVN&BBUasXoAAARyVb|BBUbdJN;BBLRPbG&BBUasXoBBMvpSD|BBUbdJN;BBUlE3c&BBUasXoAAAGO2m
user_422	BBUbdJN;BBV2YJR&BBUasXoAAAZi8t|BBUbdJN;AAAWOYZ&BBUasXoAAtEqjb|BBUbdJN;AAARruy&BBUasXoAAB1Mio|BBUbdJN;AABHWVu&BBUasXoBBKRX2H|BBUbdJN;AAweMwJ&BBUasXoAAsesZq|BBUbdJN;AAvKr4V&BBUasXoBBVlo2w|BBUbdJN;BBMFQdT&BBUasXoAAAM6Jx
user_423	BBUbdJN;BBVFacd&BBUasXoBBLLcb7|BBUbdJN;BBL0xLh&BBUasXoBBVZkn0|BBUbdJN;AAA7oHF&BBUasXoAAzRkaY|BBUbdJN;BBVXRjR&BBUasXoBBVjypU|BBUbdJN;AAB8TGp&BBUasXoBBVSf5i|BBUbdJN;BBV1dH0&BBUasXoBBDv9IT|BBUbdJN;AAARviJ&BBUasXoBBMi5ey|BBUbdJN;BBNYnWJ&BBUasXoBBKvmih|BBUbdJN;AAsesZq&BBUasXoBBV5WXI
user_424	BBUbdJN;AAxOeQ4&BBUasXoAAxqWo3|BBUbdJN;BBMYv4d&BBUasXoBBUvu4V|BBUbdJN;AAARGsX&BBUasXoBBL5ktS|BBUbdJN;BBLuDsT&BBUasXoAAAsIkq|BBUbdJN;AAAM6VA&BBUasXoAAAZ5xA|BBUbdJN;BBLkwJA&BBUasXoBBMvpSD|BBUbdJN;AAACETv&BBUasXoBBEKb2q|BBUbdJN;BBVEVeo&BBUasXoAAARviJ
user_425	BBUbdJN;AABW7Z7&BBUasXoBBLEWTA|BBUbdJN;BBOU2yT&BBUasXoAA2eTBe|BBUbdJN;BBLkdd0&BBUasXoBBLsRAt|BBUbdJN;BBLHEz5&BBUasXoBBLUFYs|BBUbdJN;BBVM55R&BBUasXoBBUpBMa|BBUbdJN;BBOtyok&BBUasXoBBVNc5r|BBUbdJN;BBHO6dr&BBUasXoBBVSjds|BBUbdJN;BBMVoOL&BBUasXoAABKIuj
user_426	BBUbdJN;AAAQUuk&BBUasXoBBLAntn|BBUbdJN;AAAZd20&BBUasXoAAvfI8G|BBUbdJN;AA4VInT&BBUasXoBBVQVOk
user_427	BBUbdJN;BBUgFWE&BBUasXoBBVjypU|BBUbdJN;AAxZgFU&BBUasXoBBEKb2q
user_428	BBUbdJN;BBUg5Or&BBUasXoBBVQVOk|BBUbdJN;BBNS2z7&BBUasXoAA5bw9B|BBUbdJN;AAATuMd&BBUasXoAAwAhvm|BBUbdJN;BBGgFfH&BBUasXoBBMi5ey|BBUbdJN;AArnRKI&BBUasXoBBLsyWp|BBUbdJN;BBJlkaq&BBUasXoBBEKb2q
user_429	BBUbdJN;BBIwOYv&BBUasXoAAyADni
user_430	BBUbdJN;BBL5ktS&BBUasXoAAxN4SL|BBUbdJN;AAv7lDX&BBUasXoBB100FCF|BBUbdJN;BBMEtDi&BBUasXoAAAgDqT|BBUbdJN;AAuu5er&BBUasXoBBL6AZc|BBUbdJN;BBNkt7C&BBUasXoBBMAcho
user_431	BBUbdJN;AAATuMd&BBUasXoBBM4c2a
user_432	BBUbdJN;AABYiwg&BBUasXoAA3fApc|BBUbdJN;BBL6QWY&BBUasXoAA3fApc|BBUbdJN;AAAsIkq&BBUasXoAAylz6W|BBUbdJN;BBMCoHF&BBUasXoBBLrAmc|BBUbdJN;AAxXuir&BBUasXoBBLEWTA|BBUbdJN;AAAvJEv&BBUasXoAAAW0DF|BBUbdJN;AAAOsM0&BBUasXoAABQlEh|BBUbdJN;AAyAKTH&BBUasXoBBMvpSD|BBUbdJN;BBIzno8&BBUasXoBBVSjds|BBUbdJN;BBJVL0J&BBUasXoAAsesZq
user_433	BBUbdJN;BBL0xLh&BBUasXoBBH9KRa
user_434	BBUbdJN;BBNwUmh&BBUasXoBBLF0Gc|BBUbdJN;BB100YVl&BBUasXoBBNZaKA|BBUbdJN;BBLkdd0&BBUasXoAABW7Z7|BBUbdJN;AAzMwyp&BBUasXoAAwQoQy|BBUbdJN;AAsesZq&BBUasXoBBVSq8f|BBUbdJN;AAAKyNl&BBUasXoBBUg5Or|BBUbdJN;AAB9dOB&BBUasXoAAAYpAW
user_435	BBUbdJN;BBVlo2w&BBUasXoBBLwB05
user_436	BBUbdJN;AAB8Llw&BBUasXoAAANCDc|BBUbdJN;AAwAhvm&BBUasXoBBUcPfJ|BBUbdJN;BBVCYjd&BBUasXoAAAWOYZ|BBUbdJN;AAAZ5xA&BBUasXoBBMXL6V
user_437	BBUbdJN;BBUasXo&BBUasXoAAAZfdV|BBUbdJN;BBGjJRO&BBUasXoAAAASQL|BBUbdJN;BBLkc0L&BBUasXoBBLkwJA|BBUbdJN;BBHuIzA&BBUasXoBBUtASG|BBUbdJN;BBVXyzp&BBUasXoAAATuMd|BBUbdJN;AAyeTVF&BBUasXoAAuu5er|BBUbdJN;AAAF8Ww&BBUasXoBBJ963r
user_438	BBUbdJN;AAyADo0&BBUasXoBBVEVeo|BBUbdJN;BB100YVl&BBUasXoAAAWOYZ|BBUbdJN;BBNYnWJ&BBUasXoBBMi5ey|BBUbdJN;BBLsRAt&BBUasXoAAAMySP
user_439	BBUbdJN;BBMVdpZ&BBUasXoAAAsIkq
user_440	BBUbdJN;BBHuIzA&BBUasXoBBVFiDd|BBUbdJN;AAB9dcY&BBUasXoBBMA2Cr|BBUbdJN;AAARpcX&BBUasXoAAA0qq0|BBUbdJN;BBORW98&BBUasXoBBL6QWY|BBUbdJN;AABKIuj&BBUasXoBBJ3fVO|BBUbdJN;AAuGRQP&BBUasXoAA4VBvU
user_441	BBUbdJN;AAAcG3S&BBUasXoBBLCByC|BBUbdJN;BBVXRjR&BBUasXoAAAZd20|BBUbdJN;BBKZ16M&BBUasXoBBVNEMA|BBUbdJN;BBMA2Cr&BBUasXoAAyADoH
user_442	BBUbdJN;BBVKYPA&BBUasXoBBVlo2w|BBUbdJN;BBLD170&BBUasXoBBLsRAt|BBUbdJN;AAB2j3e&BBUasXoAA4VInT|BBUbdJN;BBMRGoj&BBUasXoBBVI2Ci|BBUbdJN;BBNT7UF&BBUasXoAA2guvq|BBUbdJN;AA4VInT&BBUasXoBBIwOYv|BBUbdJN;BBOtp3v&BBUasXoBB1009hG
user_443	BBUbdJN;BBDWniw&BBUasXoAAsQvKB|BBUbdJN;BBLnEkX&BBUasXoBBVM55R|BBUbdJN;BBVXyzp&BBUasXoAArWO54|BBUbdJN;AAvL9ds&BBUasXoAAAASQL|BBUbdJN;BBNYnWJ&BBUasXoBBNWiNe
user_444	BBUbdJN;BBKRX2H&BBUasXoBBLzxW3|BBUbdJN;BBJdoAY&BBUasXoAArWO54|BBUbdJN;BBVQVOk&BBUasXoBBOsyuJ|BBUbdJN;BBUYaFK&BBUasXoBBVMCOX|BBUbdJN;BBVHk6z&BBUasXoAAAtcpS
user_445	BBUbdJN;BBKJtyu&BBUasXoAABGH82|BBUbdJN;BBOtyok&BBUasXoAAB5HVc|BBUbdJN;AAsgkkY&BBUasXoAAADQlB
user_446	BBUbdJN;AABGZJn&BBUasXoBBMZWbw|BBUbdJN;AAwfVUE&BBUasXoBBVR0K0|BBUbdJN;AAx8xEK&BBUasXoBBLCByC|BBUbdJN;AAvfuF2&BBUasXoBBNXlUe
user_447	BBUbdJN;AAxqWo3&BBUasXoAA3a5Ia|BBUbdJN;AABQDiu&BBUasXoBBOsyuJ|BBUbdJN;BBGim3y&BBUasXoBBUg5Or|BBUbdJN;BBUgEu2&BBUasXoBB100YVl
user_448	BBUbdJN;BBV1dH0&BBUasXoAAv1HhQ|BBUbdJN;BBVjtjw&BBUasXoAArWO54|BBUbdJN;AArnRKI&BBUasXoBBUuibK|BBUbdJN;AAB2u3I&BBUasXoBBVPE58|BBUbdJN;AAvfI8G&BBUasXoBBVF8u8|BBUbdJN;AAAM6VA&BBUasXoBB100FCF
user_449	BBUbdJN;AA3hFc6&BBUasXoAAxXp14|BBUbdJN;AAARJJ2&BBUasXoBBNS2z7|BBUbdJN;AAAZfdV&BBUasXoBBLHZ7H|BBUbdJN;BBLIXmS&BBUasXoBBEKb2q|BBUbdJN;BBLT5vU&BBUasXoBBHuIzA|BBUbdJN;AAvfxhN&BBUasXoAAARCpt|BBUbdJN;AAARwH5&BBUasXoBBUtASG|BBUbdJN;BBLAgxA&BBUasXoBBLLcb7|BBUbdJN;AAvisbZ&BBUasXoBBVXK7i|BBUbdJN;AAyAKUa&BBUasXoBBVAcD5
user_450	BBUbdJN;BBVI2Ci&BBUasXoBBUg9Do|BBUbdJN;AAARdDZ&BBUasXoAAAFGsN|BBUbdJN;BBNcqER&BBUasXoAAyzOlr|BBUbdJN;BBNf8oK&BBUasXoBBJ963r|BBUbdJN;BBMYv4d&BBUasXoBBOwH0B|BBUbdJN;AAyzOlr&BBUasXoAAyADoH|BBUbdJN;BBV1Evc&BBUasXoAAAtcpS|BBUbdJN;BBOTCVl&BBUasXoBBDWniw
user_451	BBUbdJN;AAvKoOa&BBUasXoBBLpup5
user_452	BBUbdJN;BBMbXWT&BBUasXoBBEKb2q|BBUbdJN;BBVI2Ci&BBUasXoAAAeUHj|BBUbdJN;AAyADnw&BBUasXoBBVQVOk|BBUbdJN;BBVFn5b&BBUasXoBBJ3fVO|BBUbdJN;BBVFn5b&BBUasXoBBVYlgd
user_453	BBUbdJN;AAw0UUH&BBUasXoBBEY0sP|BBUbdJN;BBIdY6V&BBUasXoBBOU2yT|BBUbdJN;BBNFjp8&BBUasXoAAwTTtM|BBUbdJN;AAB9dOB&BBUasXoAAyAKST|BBUbdJN;AAuOQ0L&BBUasXoBBH6ntg
user_454	BBUbdJN;BBLEWTA&BBUasXoBBVNEMA|BBUbdJN;BBHnGQc&BBUasXoBBVFacd|BBUbdJN;AAvL9ds&BBUasXoAAAcG3S|BBUbdJN;BBLk0Zw&BBUasXoBB100HPz|BBUbdJN;AAB2j3e&BBUasXoBBIaCq5|BBUbdJN;AAAZdwT&BBUasXoAAATGy9|BBUbdJN;AAwA9lA&BBUasXoBBLT5vU|BBUbdJN;BBOsyuJ&BBUasXoAAyAKST|BBUbdJN;BBUawlm&BBUasXoBBV71BM
user_455	BBUbdJN;AAyAKST&BBUasXoAAARCpt|BBUbdJN;BBVFiDd&BBUasXoBBMWWXk|BBUbdJN;BBL0xLh&BBUasXoAAAHUdZ|BBUbdJN;BBLrAmc&BBUasXoAAyADni|BBUbdJN;BBMiarN&BBUasXoBBVQT2P
user_456	BBUbdJN;BBL6vWz&BBUasXoBBVSjd1|BBUbdJN;BBVFiDd&BBUasXoBBMvpSD
user_457	BBUbdJN;AAzgHgu&BBUasXoAAwEPYW|BBUbdJN;AAALMuJ&BBUasXoBBL6W4H|BBUbdJN;AAB96FM&BBUasXoBBFpq8n
user_458	BBUbdJN;BBMKfHB&BBUasXoBBVSjds
user_459	BBUbdJN;BBLIQ0T&BBUasXoBBHwetM|BBUbdJN;BBHO6dr&BBUasXoAAAYpAW|BBUbdJN;BBNaIrb&BBUasXoBBMFPNi|BBUbdJN;AAxF8nT&BBUasXoBBVYlgd|BBUbdJN;BBV4fIV&BBUasXoAA4VInT
user_460	BBUbdJN;AAvKr4V&BBUasXoAAv7lDX|BBUbdJN;BB100Bx9&BBUasXoBBV4fIV|BBUbdJN;AAtnEW6&BBUasXoAA3gfvH|BBUbdJN;AAvrWds&BBUasXoBBOsyuJ|BBUbdJN;BBMvpSD&BBUasXoBBLUFYs|BBUbdJN;AABAsBx&BBUasXoBBIq49J
user_461	BBUbdJN;BBVPV4Z&BBUasXoAAuu5er|BBUbdJN;BBMTKyQ&BBUasXoAAwEPYW|BBUbdJN;BBLZ3n0&BBUasXoAAu2Zc2|BBUbdJN;AAuOQ0L&BBUasXoBBGMYEq|BBUbdJN;BBMBEtM&BBUasXoAA2gs73|BBUbdJN;BBLkwJA&BBUasXoBBVlo2w|BBUbdJN;AAsQvKB&BBUasXoBBL0xLh|BBUbdJN;AAwAhvm&BBUasXoBBOtyok|BBUbdJN;AAyAABs&BBUasXoAAtEqjb|BBUbdJN;AA3bhGW&BBUasXoBBVXRjR
user_462	BBUbdJN;BBMHokT&BBUasXoAA2gs73|BBUbdJN;BBVNc5r&BBUasXoAAxOeQ4|BBUbdJN;BBLLcb7&BBUasXoAAAZoxS|BBUbdJN;AAB8Llw&BBUasXoAA3i3hb|BBUbdJN;BBJVL0J&BBUasXoAAyiDLG|BBUbdJN;AA8lMqC&BBUasXoAAy1Qm9|BBUbdJN;AAAASQL&BBUasXoBBV4YU5
user_463	BBUbdJN;AAAKeCb&BBUasXoBBLAgxA|BBUbdJN;AA4Tc3G&BBUasXoBBVNKNc|BBUbdJN;AABDHTv&BBUasXoAAAZ3SN|BBUbdJN;BBORW98&BBUasXoBBN7eiN|BBUbdJN;BBH9KRa&BBUasXoBBMiarN|BBUbdJN;AAqJUn9&BBUasXoAAATGya|BBUbdJN;AAuu5er&BBUasXoBBNTrPF
user_464	BBUbdJN;BBIVF4U&BBUasXoAAyAABs|BBUbdJN;AA2gs73&BBUasXoBBVNFvj|BBUbdJN;BBOtp3v&BBUasXoAAuP7ue|BBUbdJN;BBLkc0L&BBUasXoAAAROdV|BBUbdJN;AABYiwg&BBUasXoBB100FCF|BBUbdJN;AA4VInT&BBUasXoAAwUqse|BBUbdJN;BBUuibK&BBUasXoAAAGO2m|BBUbdJN;BBGgFfH&BBUasXoBBH6sqU
user_465	BBUbdJN;BBJdoAY&BBUasXoBBKStQc|BBUbdJN;BBUxQNx&BBUasXoAAzgHgu|BBUbdJN;AAx8xEK&BBUasXoAAsurj6|BBUbdJN;AAB2u3I&BBUasXoAAAZ3SN|BBUbdJN;BBGvfOS&BBUasXoAABGH82|BBUbdJN;BBLLcb7&BBUasXoBBMi4WK|BBUbdJN;AAvL9ds&BBUasXoBBLjMHu|BBUbdJN;AAARCpt&BBUasXoAA5bw9B|BBUbdJN;BBVXyzp&BBUasXoAAARpcX|BBUbdJN;AAweMwJ&BBUasXoAAx0Vlx
user_466	BBUbdJN;BBMbXWT&BBUasXoAAxXAWa
user_467	BBUbdJN;BBEJYF3&BBUasXoAAxXuir
user_468	BBUbdJN;AAAQUuk&BBUasXoBBUktpj|BBUbdJN;BBFncaK&BBUasXoBBLIVQb|BBUbdJN;AA4Tc3G&BBUasXoBBNcDBd|BBUbdJN;BB100N6g&BBUasXoAAsXRjK|BBUbdJN;BBV6cLI&BBUasXoBBV894B|BBUbdJN;BBEKb2q&BBUasXoBBJI1dB|BBUbdJN;AAyAKUa&BBUasXoBBEY0sP|BBUbdJN;BBL6QWY&BBUasXoBBV1ppM|BBUbdJN;BBN7eiN&BBUasXoAAB8TGp
user_469	BBUbdJN;BBUg9Do&BBUasXoBBMKfHB|BBUbdJN;BBKQA09&BBUasXoAABRuxD|BBUbdJN;AAwEPYW&BBUasXoAA85LCJ|BBUbdJN;BBOtp3v&BBUasXoAAxnVFg|BBUbdJN;BBL6W4H&BBUasXoAAwAhvm|BBUbdJN;AAsXRjK&BBUasXoAAsesZq|BBUbdJN;AAAZdwT&BBUasXoBBLzxW3
user_470	BBUbdJN;AAwyZza&BBUasXoAAAcG3S|BBUbdJN;AAATRJv&BBUasXoAAARmnD
user_471	BBUbdJN;BBGgFfH&BBUasXoBBV4fjE|BBUbdJN;BBLLcb7&BBUasXoBBIwOYv|BBUbdJN;AAATk1K&BBUasXoBBIwSPD|BBUbdJN;AABG8UE&BBUasXoBBL2uNw
user_472	BBUbdJN;AAB2EcG&BBUasXoBBLiEQ4|BBUbdJN;AAxDzxu&BBUasXoAAAZoxS|BBUbdJN;AAATk1K&BBUasXoAAAKyNl|BBUbdJN;BBJVL0J&BBUasXoAAATGya
user_473	BBUbdJN;BBMXL6V&BBUasXoAAB1Mio|BBUbdJN;BBLjMHu&BBUasXoBBKh2ML|BBUbdJN;BBUuibK&BBUasXoAA4Tc3G|BBUbdJN;BBVQT2P&BBUasXoBBNaIrb|BBUbdJN;BBJiVaa&BBUasXoBB100HPz|BBUbdJN;AAB8Llw&BBUasXoBBVNKNc|BBUbdJN;BBGgFfH&BBUasXoAA8X1Au
user_474	BBUbdJN;AABYiwg&BBUasXoBBKStQc|BBUbdJN;AAADQlB&BBUasXoAAsmnqz|BBUbdJN;BBNca9o&BBUasXoBBJ963r|BBUbdJN;BBUuibK&BBUasXoAAAogC5|BBUbdJN;AAzW6h1&BBUasXoBBNT7UF|BBUbdJN;BBNYxiX&BBUasXoAABE6ab|BBUbdJN;BBLwB05&BBUasXoBBIwSPD|BBUbdJN;BBNca9o&BBUasXoBBNT7UF|BBUbdJN;BBVI2Ci&BBUasXoAAxOeQ4
user_475	BBUbdJN;BBOtp3v&BBUasXoBBVYlgd|BBUbdJN;AAAF8Ww&BBUasXoAAwzsR8|BBUbdJN;AAAR7gM&BBUasXoBBLF0Gc|BBUbdJN;AAzMwyp&BBUasXoAAsesZq|BBUbdJN;BBMhA5P&BBUasXoBBJI1dB|BBUbdJN;BBUasXo&BBUasXoAAAOIxS|BBUbdJN;AA3hFc6&BBUasXoAAAYpAW
user_476	BBUbdJN;BBIq49J&BBUasXoBBNaIrb|BBUbdJN;AAARviJ&BBUasXoAAxOeQ4|BBUbdJN;AAAM6Jx&BBUasXoAAATGya|BBUbdJN;BBND51v&BBUasXoBBNf8oK|BBUbdJN;AAAdAn8&BBUasXoBBKrukC|BBUbdJN;AArnRKI&BBUasXoAAAHUdZ|BBUbdJN;AAANCDc&BBUasXoAAAZd20|BBUbdJN;BBMygGa&BBUasXoBBUtASG|BBUbdJN;AABYiwg&BBUasXoBBLuDsT|BBUbdJN;BBGvfOS&BBUasXoAABHWVu
user_477	BBUbdJN;AABG8UE&BBUasXoBBKQA09|BBUbdJN;AAAOsM0&BBUasXoBBH9KRa|BBUbdJN;BBL6W4H&BBUasXoBBMzs4Z|BBUbdJN;BBNRGhy&BBUasXoAAARyVb
user_478	BBUbdJN;BBUYaFK&BBUasXoAAwEPYW|BBUbdJN;AAyAKTH&BBUasXoAAyAS4w|BBUbdJN;AAAgGcl&BBUasXoBBVMCOX|BBUbdJN;BBJI1dB&BBUasXoBBMAcho|BBUbdJN;AAAKeCb&BBUasXoBBKrukC|BBUbdJN;AAAWpRv&BBUasXoAAATqB7|BBUbdJN;AAB9dcY&BBUasXoBBN7eiN|BBUbdJN;AAsurj6&BBUasXoAAAsIkq|BBUbdJN;BBLIXmS&BBUasXoBBNYBjr
user_479	BBUbdJN;AA2gs73&BBUasXoAAARdDZ|BBUbdJN;AAAREgH&BBUasXoBBMbXWT|BBUbdJN;AAvKkO1&BBUasXoBBV1Nzg|BBUbdJN;AABW7Z7&BBUasXoAABbD1C|BBUbdJN;BBL6CAZ&BBUasXoBBUgeaU|BBUbdJN;BBUlE3c&BBUasXoBBLCByC|BBUbdJN;BBMTKyQ&BBUasXoAAARyVb|BBUbdJN;AAARaTv&BBUasXoAAyy9gw|BBUbdJN;BBIdbe0&BBUasXoAA3fApc|BBUbdJN;BBV894B&BBUasXoAAAZkwq
user_480	BBUbdJN;BBVSktv&BBUasXoAAAgDqT|BBUbdJN;AAvfxhN&BBUasXoBBJ3fVO
user_481	BBUbdJN;AAsmnqz&BBUasXoBBVQVOk|BBUbdJN;AAARaTv&BBUasXoBBUtASG
user_482	BBUbdJN;AAAWpRv&BBUasXoAAARyVb|BBUbdJN;BBLkdd0&BBUasXoAABYiwg|BBUbdJN;BBV1dH0&BBUasXoAAxXAye|BBUbdJN;BBMHYHC&BBUasXoBBIwSPD|BBUbdJN;AAB2EcG&BBUasXoBBHwetM|BBUbdJN;AAB2u3I&BBUasXoAAy1Qm9|BBUbdJN;AAARaTv&BBUasXoAA3ggk0|BBUbdJN;AAth6aY&BBUasXoAAAZ5xA|BBUbdJN;BBN9xcZ&BBUasXoBBJI1dB|BBUbdJN;AAuP7ue&BBUasXoAAwrGv8
user_483	BBUbdJN;AABGTFJ&BBUasXoBBDmzK7|BBUbdJN;BB100Bx9&BBUasXoAAyAS4w|BBUbdJN;BBVNFvj&BBUasXoAAxN4SL|BBUbdJN;BBL6kTL&BBUasXoBBGgFfH|BBUbdJN;AA3gf2C&BBUasXoBBVQVOk|BBUbdJN;AA3a5Ia&BBUasXoBBNS2z7
user_484	BBUbdJN;AAANCDc&BBUasXoBB100HPz|BBUbdJN;BBV4fjE&BBUasXoAABKX9K|BBUbdJN;BBId9nm&BBUasXoBBUgEu2|BBUbdJN;AABKX9K&BBUasXoBBLLcb7|BBUbdJN;BBUkAzR&BBUasXoAAAQUuk|BBUbdJN;BBVSYWP&BBUasXoAAwA9lA|BBUbdJN;AAAWpRv&BBUasXoAAuP7ue|BBUbdJN;AAth6aY&BBUasXoBBVNEMA|BBUbdJN;BBLT5vU&BBUasXoAAA0qq0|BBUbdJN;AAy1Qm9&BBUasXoBBNS2z7
user_485	BBUbdJN;AAth6aY&BBUasXoBBUcPfJ|BBUbdJN;BBGgysX&BBUasXoAAB69ip|BBUbdJN;BBM4c2a&BBUasXoBBNYxiX|BBUbdJN;BBV894B&BBUasXoBBEKb2q|BBUbdJN;AAwrGv8&BBUasXoBBUxor2|BBUbdJN;BBF3RTF&BBUasXoAAyAKUa
user_486	BBUbdJN;AAw0UUH&BBUasXoBBUg9Do|BBUbdJN;BBVKYPA&BBUasXoAAv4n0c|BBUbdJN;BBEY0sP&BBUasXoBBUktpj
user_487	BBUbdJN;BBMRGoj&BBUasXoBBMi5ey|BBUbdJN;BBOoDSm&BBUasXoBBUawlm|BBUbdJN;BBUvu4V&BBUasXoBBNS2z7|BBUbdJN;AAB1Mio&BBUasXoAABQDiu|BBUbdJN;AAuGRQP&BBUasXoBBUpBMa|BBUbdJN;BBMEtDi&BBUasXoAAAHUdZ|BBUbdJN;AAsurj6&BBUasXoAAwTTtM|BBUbdJN;BBIzno8&BBUasXoAAy2kZX
user_488	BBUbdJN;AAAcG3S&BBUasXoBBKyR1L|BBUbdJN;BBNYxiX&BBUasXoBBVjypU|BBUbdJN;AAB25cr&BBUasXoAAyADo0|BBUbdJN;BBVI2Ci&BBUasXoAABRuxD|BBUbdJN;BBMi5bl&BBUasXoAAATuMd|BBUbdJN;AAARGsX&BBUasXoBBMwCS8|BBUbdJN;AAB2iuR&BBUasXoAABGTFJ
user_489	BBUbdJN;AAARGsX&BBUasXoBBF3RTF|BBUbdJN;BBNRGhy&BBUasXoBBLpup5
user_490	BBUbdJN;AA3fApc&BBUasXoBBLyKAN|BBUbdJN;BB100IjZ&BBUasXoBBHO6dr
user_491	BBUbdJN;BBM4c2a&BBUasXoAABKIuj|BBUbdJN;AAAWpRv&BBUasXoBBVXK7i
user_492	BBUbdJN;AAwrGv8&BBUasXoBBVKYPA
user_493	BBUbdJN;AArnRKI&BBUasXoAAy2kZX|BBUbdJN;AAAOBDP&BBUasXoBBKh2ML|BBUbdJN;BBOtyok&BBUasXoBBLZ3n0|BBUbdJN;BBUgEu2&BBUasXoBBOthIn|BBUbdJN;BBVFacd&BBUasXoBBUpBMa|BBUbdJN;BBUg5Or&BBUasXoBBLRPbG|BBUbdJN;AAxOeQ4&BBUasXoAAAtcpS|BBUbdJN;AAzMwyp&BBUasXoBBMHokT|BBUbdJN;AA3fApc&BBUasXoAAAF8Ww|BBUbdJN;AAwhqjD&BBUasXoAAtVp0r
user_494	BBUbdJN;AABRuxD&BBUasXoBBLkwJA|BBUbdJN;AAAROdV&BBUasXoBBN0AuL
user_495	BBUbdJN;BBVSktv&BBUasXoBBVR0K0|BBUbdJN;BBGim3y&BBUasXoBBMHokT|BBUbdJN;AAy2kZX&BBUasXoBBMRGoj
user_496	BBUbdJN;BBVXK7i&BBUasXoAAx8xEK|BBUbdJN;AAuJwxQ&BBUasXoAAAW0DF|BBUbdJN;BBN0NAK&BBUasXoBBUuibK|BBUbdJN;BBVKYPA&BBUasXoAAATGy9|BBUbdJN;BBMWWXk&BBUasXoAAARviJ|BBUbdJN;BBVQfhU&BBUasXoBBVctFt|BBUbdJN;AAARL6T&BBUasXoAAB25cr|BBUbdJN;BBVT81D&BBUasXoBBNca9o|BBUbdJN;AAB3hqW&BBUasXoAABAsBx
user_497	BBUbdJN;BBMi4WK&BBUasXoAAu2Zc2
user_498	BBUbdJN;AAyeTVF&BBUasXoBB100HPz|BBUbdJN;AABKX9K&BBUasXoAAzgHgu|BBUbdJN;AAsurj6&BBUasXoAAwfVUE|BBUbdJN;BBVXRjR&BBUasXoBBHuIzA
user_499	BBUbdJN;AAuJwxQ&BBUasXoAAANCDc|BBUbdJN;AAx8xEK&BBUasXoBBGKNlv|BBUbdJN;AAv1HhQ&BBUasXoAAB6hqa|BBUbdJN;BBKJtyu&BBUasXoAABG8UE|BBUbdJN;BB100N6g&BBUasXoAAwA9lA|BBUbdJN;AAATGya&BBUasXoAAAM6VA|BBUbdJN;BBNca9o&BBUasXoAABAsBx|BBUbdJN;AA4VInT&BBUasXoBBVQfhU
user_500	BBUbdJN;AAAOsM0&BBUasXoAAsQvKB
user_501	BBUbdJN;AAB9dcY&BBUasXoAAAKyNl|BBUbdJN;AAAOoQT&BBUasXoBBFXt5V|BBUbdJN;AAApGWa&BBUasXoBBVCYjd|BBUbdJN;AAzMwyp&BBUasXoAA4Tc3G|BBUbdJN;BBVZkn0&BBUasXoBBMCoHF
user_502	BBUbdJN;BBJI1dB&BBUasXoBBLwB05|BBUbdJN;BBVQVOk&BBUasXoBBNkt7C|BBUbdJN;BBVHk6z&BBUasXoBBHO6dr|BBUbdJN;BBUbdJN&BBUasXoAAA7oHF|BBUbdJN;AAAZ3SN&BBUasXoBBL6W4H|BBUbdJN;AAADQlB&BBUasXoAAA7oHF|BBUbdJN;AAwr9Xz&BBUasXoBBLHEz5
user_503	BBUbdJN;AAARaTv&BBUasXoBBLT5vU|BBUbdJN;BBLAntn&BBUasXoBBV71BM|BBUbdJN;BBVT81D&BBUasXoAAAOiNg|BBUbdJN;BBLDqj4&BBUasXoAAv7lDX|BBUbdJN;BBO1cwm&BBUasXoBBUgFWE|BBUbdJN;BBMe8DV&BBUasXoAA2qznx|BBUbdJN;BBL2uNw&BBUasXoAABKX9K|BBUbdJN;BBGgFfH&BBUasXoBBLkc0L|BBUbdJN;BBMdSnO&BBUasXoBBIdY6V|BBUbdJN;BB100PnO&BBUasXoAABGZJn
user_504	BBUbdJN;BBVYlgd&BBUasXoAA5bw9B|BBUbdJN;BBEKb2q&BBUasXoAAsQvKB|BBUbdJN;AAxXuir&BBUasXoAA3ggk0|BBUbdJN;BBLAgxA&BBUasXoAAxl48x|BBUbdJN;AAxOeQ4&BBUasXoBBKStQc|BBUbdJN;BBUg9Do&BBUasXoBBUawlm|BBUbdJN;BBHLQtE&BBUasXoAAyADoH|BBUbdJN;AAvKoOa&BBUasXoBBVJL7v|BBUbdJN;BBNYxiX&BBUasXoBBGKNlv
user_505	BBUbdJN;AAvXr8T&BBUasXoBBFXt5V|BBUbdJN;AABGH82&BBUasXoAAyADo0|BBUbdJN;BBLZ3n0&BBUasXoBBMYv4d|BBUbdJN;AAyADnD&BBUasXoBBUgFWE|BBUbdJN;BBORW98&BBUasXoAAyiDLG|BBUbdJN;BBFpq8n&BBUasXoAAyiDLG
user_506	BBUbdJN;BBLrAmc&BBUasXoBBMe8DV|BBUbdJN;BB100PnO&BBUasXoBBMi5ey|BBUbdJN;BBLIXmS&BBUasXoBBLsRAt|BBUbdJN;AAAgDqT&BBUasXoBBIaCq5|BBUbdJN;AAyADnw&BBUasXoBBVSYWP|BBUbdJN;BBLD170&BBUasXoAAy7GfC|BBUbdJN;BBMWWXk&BBUasXoAAxqWo3|BBUbdJN;BBVjypU&BBUasXoAABAsBx|BBUbdJN;BBMygGa&BBUasXoBBLzxW3|BBUbdJN;AAAZi8t&BBUasXoBBL6QWY
user_507	BBUbdJN;BBMHokT&BBUasXoAAB3hqW|BBUbdJN;BBMHYHC&BBUasXoBBVNKNc
user_508	BBUbdJN;AAvNkM0&BBUasXoBBMZWbw|BBUbdJN;BBVYlgd&BBUasXoAAB5RFI
user_509	BBUbdJN;BBUbdJN&BBUasXoAAvL9ds|BBUbdJN;BBNkt7C&BBUasXoAAy7GfC|BBUbdJN;BBVQVOk&BBUasXoBBVPE58|BBUbdJN;BB100PnO&BBUasXoBBV4zz7
user_510	BBUbdJN;BBV2YJR&BBUasXoBBUvu4V|BBUbdJN;AAzW6h1&BBUasXoBBLsyWp|BBUbdJN;BBLyKAN&BBUasXoAAB96FM|BBUbdJN;BBJCeKv&BBUasXoBBEKb2q|BBUbdJN;BBM4c2a&BBUasXoBBV1dH0|BBUbdJN;BBId9nm&BBUasXoAAyAABs
user_511	BBUbdJN;AA3a5Ia&BBUasXoAAyAKST|BBUbdJN;AAu2Zc2&BBUasXoBBLF0Gc|BBUbdJN;AABHWVu&BBUasXoAABYiwg|BBUbdJN;AAAREgH&BBUasXoAAAKeCb|BBUbdJN;BBLjMHu&BBUasXoBBMFQdT|BBUbdJN;AAAKyNl&BBUasXoBBNWiNe
user_512	BBUbdJN;BBLHEz5&BBUasXoBBUojmR|BBUbdJN;AArWDxX&BBUasXoBBUkAzR|BBUbdJN;BBKRX2H&BBUasXoBBHuIzA|BBUbdJN;BBMzs4Z&BBUasXoBBLSQ3o|BBUbdJN;BBN9xcZ&BBUasXoBBVFn5b|BBUbdJN;AAx8xEK&BBUasXoBBVNc5r|BBUbdJN;AAqJUn9&BBUasXoBB100PnO|BBUbdJN;AAyAKTH&BBUasXoBBJTQ6I
user_513	BBUbdJN;BBMWWXk&BBUasXoAA8lMqC|BBUbdJN;AAAZoxS&BBUasXoBBKJtyu|BBUbdJN;AAv1HhQ&BBUasXoBBMFvW0|BBUbdJN;BBL0xLh&BBUasXoBBNYxiX|BBUbdJN;AA2guvq&BBUasXoBBMi5bl|BBUbdJN;AAwrGv8&BBUasXoAAxl48x
user_514	BBUbdJN;AAuOQ0L&BBUasXoAAwyZza|BBUbdJN;BBLpup5&BBUasXoBBGKNlv|BBUbdJN;BBMHYHC&BBUasXoAArWDxX|BBUbdJN;AAweMwJ&BBUasXoBBVJL7v|BBUbdJN;AAAOiNg&BBUasXoBBL0xLh|BBUbdJN;AArWO54&BBUasXoAAB5HVc|BBUbdJN;AAATRJv&BBUasXoBBGgysX|BBUbdJN;AAsesZq&BBUasXoBBUawlm|BBUbdJN;BBIdY6V&BBUasXoAAtnEW6
user_515	BBUbdJN;BBVJL7v&BBUasXoAAyAPVN
user_516	BBUbdJN;AAwTTtM&BBUasXoAAxOeQ4
user_517	BBUbdJN;AArWDxX&BBUasXoBBOTCVl|BBUbdJN;AAw0UUH&BBUasXoBBMWWXk|BBUbdJN;AABGTFJ&BBUasXoBBLHZ7H|BBUbdJN;AAALMuJ&BBUasXoBBKvmih
user_518	BBUbdJN;BBMBEtM&BBUasXoBBGgFfH|BBUbdJN;AAAdAn8&BBUasXoAAzW6h1|BBUbdJN;BBVSq8f&BBUasXoBBLHEz5|BBUbdJN;BBNFjp8&BBUasXoBBGgFfH
user_519	BBUbdJN;AA3gf2C&BBUasXoBBUlE3c|BBUbdJN;BBLjMHu&BBUasXoBBJTQ6I|BBUbdJN;AA4Tc3G&BBUasXoBBVXyzp|BBUbdJN;BBKrukC&BBUasXoAA2gs73|BBUbdJN;BBVSf5i&BBUasXoBBVctFt|BBUbdJN;AAyAPVN&BBUasXoAAApGWa
user_520	BBUbdJN;BBNYnWJ&BBUasXoBBVjtjw|BBUbdJN;AAwAhvm&BBUasXoBB1009hG|BBUbdJN;BBGim3y&BBUasXoBBGLGrn|BBUbdJN;BBMoFtL&BBUasXoAA4VBvU|BBUbdJN;BBNwUmh&BBUasXoBBLnEkX|BBUbdJN;AAxZgFU&BBUasXoBBKRX2H|BBUbdJN;BBMKfHB&BBUasXoBBMYv4d|BBUbdJN;BBLZ3n0&BBUasXoBBUpBMa|BBUbdJN;AA9npVj&BBUasXoBBDWniw|BBUbdJN;AAyADnD&BBUasXoBBUgFWE
user_521	BBUbdJN;BBIwSPD&BBUasXoAAwEPYW|BBUbdJN;AA3fApc&BBUasXoBBV4elZ|BBUbdJN;AAARmnD&BBUasXoBBGMYEq|BBUbdJN;BBLEWTA&BBUasXoBBUrbKT
user_522	BBUbdJN;BBLiEQ4&BBUasXoBBVEVeo|BBUbdJN;BBVXK7i&BBUasXoBBM4c2a|BBUbdJN;AAu2Zc2&BBUasXoBB100IjZ
user_523	BBUbdJN;BBMi4WK&BBUasXoBBEKb2q|BBUbdJN;BB100HPz&BBUasXoAAARpcX|BBUbdJN;BBV4zz7&BBUasXoBBLjMHu|BBUbdJN;AAwUqse&BBUasXoBBLF0Gc|BBUbdJN;BBVFacd&BBUasXoBBVI2Ci|BBUbdJN;BBN9xcZ&BBUasXoAAxXAye|BBUbdJN;BBVSf5i&BBUasXoAAxnVFg
user_524	BBUbdJN;BB100YVl&BBUasXoBBUlE3c|BBUbdJN;BBKRX2H&BBUasXoAAAOBDP|BBUbdJN;BBNWiNe&BBUasXoAA85LCJ|BBUbdJN;AAAMdk8&BBUasXoBBNZaKA|BBUbdJN;AA3fRp5&BBUasXoBBLHZ7H|BBUbdJN;AArwsEO&BBUasXoBBVF8u8|BBUbdJN;AAyAKUa&BBUasXoBBV4fjE|BBUbdJN;BBGk7uy&BBUasXoBBLD170|BBUbdJN;BBNZaKA&BBUasXoAAB5RFI
user_525	BBUbdJN;AAwTTtM&BBUasXoAABGH82|BBUbdJN;BBVXRjR&BBUasXoBBDWniw|BBUbdJN;BBUuibK&BBUasXoAAARmnD|BBUbdJN;AAyADnD&BBUasXoAA2qznx|BBUbdJN;BBV1ppM&BBUasXoBBUkAzR|BBUbdJN;BBUtASG&BBUasXoBBUlE3c|BBUbdJN;BBL6vWz&BBUasXoBBKrukC|BBUbdJN;BBOsyuJ&BBUasXoBBV1Nzg
user_526	BBUbdJN;BBMbXWT&BBUasXoAAAogC5|BBUbdJN;AA3ggk0&BBUasXoBBOtyok|BBUbdJN;AAANign&BBUasXoBBGLGrn|BBUbdJN;AAxN4SL&BBUasXoBBMKtn3
user_527	BBUbdJN;BBV4fIV&BBUasXoAAxYab2|BBUbdJN;BBMKfHB&BBUasXoBBUcPfJ|BBUbdJN;BBVFiDd&BBUasXoAABKX9K|BBUbdJN;BB100Bx9&BBUasXoBBFpq8n|BBUbdJN;AAsmnqz&BBUasXoBBKJtyu
user_528	BBUbdJN;BBIzno8&BBUasXoBBL6CAZ|BBUbdJN;BBND51v&BBUasXoAAATGya|BBUbdJN;BBLHWzM&BBUasXoBBMygGa|BBUbdJN;BBFncaK&BBUasXoBBUgeaU|BBUbdJN;AAA2FeL&BBUasXoBBLCOcI|BBUbdJN;AAy2kZX&BBUasXoAAB1Mio|BBUbdJN;BBLIQ0T&BBUasXoBBMwCS8|BBUbdJN;BBVHk6z&BBUasXoAAAKeCb|BBUbdJN;BBNT7UF&BBUasXoBBMVoOL|BBUbdJN;BBKStQc&BBUasXoBBL6CAZ
user_529	BBUbdJN;BBLkdd0&BBUasXoBBFXt5V|BBUbdJN;BBMRGoj&BBUasXoBBVJL7v|BBUbdJN;AAx8xEK&BBUasXoAAyAABs|BBUbdJN;AAAcG3S&BBUasXoBBMXL6V|BBUbdJN;BBOtp3v&BBUasXoAAsmnqz|BBUbdJN;BBNcDBd&BBUasXoBBJ3fVO|BBUbdJN;BBNca9o&BBUasXoAAwhqjD
user_530	BBUbdJN;BBV1Evc&BBUasXoAAzMwyp|BBUbdJN;AAAT4SG&BBUasXoBB100Bx9|BBUbdJN;AAyAKUa&BBUasXoAA3hFc6|BBUbdJN;AABKX9K&BBUasXoAAB8Llw|BBUbdJN;BBLT5vU&BBUasXoBBUawlm|BBUbdJN;BBLCByC&BBUasXoAAB5HVc|BBUbdJN;BBLpup5&BBUasXoBBH6sqU
user_531	BBUbdJN;AAsXRjK&BBUasXoAAATqB7|BBUbdJN;AAvKr4V&BBUasXoAAAM6Jx|BBUbdJN;BBL6CAZ&BBUasXoAAwrGv8|BBUbdJN;BBLIQ0T&BBUasXoBBLIQ0T|BBUbdJN;BBV1dH0&BBUasXoBBL2uNw|BBUbdJN;AAAFGsN&BBUasXoAAxZgFU|BBUbdJN;BBKPLyt&BBUasXoBBHuIzA|BBUbdJN;BBM4c2a&BBUasXoBBVSjds
user_532	BBUbdJN;AAyeTVF&BBUasXoBBV2YJR|BBUbdJN;BBN0NAK&BBUasXoAAAKyNl|BBUbdJN;AAAvJEv&BBUasXoAAAOsM0|BBUbdJN;AAuu5er&BBUasXoAAB1Mio|BBUbdJN;AAATGya&BBUasXoAAyy9gw|BBUbdJN;AA5bCkb&BBUasXoBBHwnKx
user_533	BBUbdJN;BBIdY6V&BBUasXoBBKYPI0|BBUbdJN;AAvXr8T&BBUasXoAAtEqjb|BBUbdJN;AAxXp14&BBUasXoAA3gfvH
user_534	BBUbdJN;AABYiwg&BBUasXoBBMBEtM|BBUbdJN;AAARruy&BBUasXoBB100Bx9|BBUbdJN;BBV4zz7&BBUasXoAArWO54|BBUbdJN;AAARGsX&BBUasXoAABQlEh|BBUbdJN;BBFpq8n&BBUasXoAAv4n0c|BBUbdJN;AAwhqjD&BBUasXoAAyeTVF|BBUbdJN;AAxXAWa&BBUasXoBBLpup5|BBUbdJN;AAAW0DF&BBUasXoAAx8xEK|BBUbdJN;BBMi5bl&BBUasXoAArWO54
user_535	BBUbdJN;AAADQlB&BBUasXoBBLAntn
user_536	BBUbdJN;BBLkdd0&BBUasXoAA3a5Ia
user_537	BBUbdJN;AAB1Mio&BBUasXoAAAZ3SN|BBUbdJN;AArWDxX&BBUasXoBBMygGa|BBUbdJN;BBLHEz5&BBUasXoBBKJtyu
user_538	BBUbdJN;BBVNKNc&BBUasXoAAy7GfC|BBUbdJN;BBVPV4Z&BBUasXoAAARwH5
user_539	BBUbdJN;BBLk0Zw&BBUasXoBBLsRAt|BBUbdJN;AA3fe19&BBUasXoBBMhA5P|BBUbdJN;BBL6W4H&BBUasXoAA2ISfW|BBUbdJN;AAxOeQ4&BBUasXoBBOtyok|BBUbdJN;BBJiVaa&BBUasXoAAyiDLG|BBUbdJN;AAALMuJ&BBUasXoAAweMwJ|BBUbdJN;AAATRJv&BBUasXoAAxqWo3|BBUbdJN;AAAOsM0&BBUasXoAAxqWo3|BBUbdJN;AAy7GfC&BBUasXoBBN7eiN
user_540	BBUbdJN;BBNFjp8&BBUasXoBBFpq8n|BBUbdJN;BBUrbKT&BBUasXoBBL6kTL|BBUbdJN;AAyiDLG&BBUasXoAAAZ5xA|BBUbdJN;BBGvfOS&BBUasXoAAAZfdV
user_541	BBUbdJN;AAylz6W&BBUasXoAAyAKTH|BBUbdJN;AAsesZq&BBUasXoBBH6sqU|BBUbdJN;BBVPV4Z&BBUasXoAAAMfsk|BBUbdJN;BBUgEu2&BBUasXoBBVjtjw|BBUbdJN;BBN7eiN&BBUasXoBBLF0Gc|BBUbdJN;AAwrGv8&BBUasXoBBVSktv|BBUbdJN;BBEY0sP&BBUasXoBBFXt5V|BBUbdJN;AAwEPYW&BBUasXoBBMvpSD|BBUbdJN;AAyADnw&BBUasXoAAsgkkY
user_542	BBUbdJN;BBUgFWE&BBUasXoBBMoFtL|BBUbdJN;BBIdY6V&BBUasXoBBNXlUe|BBUbdJN;AAB3hqW&BBUasXoBBNYxiX|BBUbdJN;AAxOeQ4&BBUasXoBBMwCS8|BBUbdJN;BBVctFt&BBUasXoAAyAKUa|BBUbdJN;BBEKZa9&BBUasXoAAB9dOB|BBUbdJN;AAu2Zc2&BBUasXoBBUbdJN|BBUbdJN;BBEKb2q&BBUasXoBBJdoAY|BBUbdJN;BBVXRjR&BBUasXoAAxXp14|BBUbdJN;AAARwH5&BBUasXoAAAogC5
user_543	BBUbdJN;BBNTrPF&BBUasXoBBKZ16M|BBUbdJN;BBGim3y&BBUasXoBBNZaKA|BBUbdJN;AAAFdFZ&BBUasXoBBUgeaU|BBUbdJN;AABbD1C&BBUasXoBBLk0Zw|BBUbdJN;BBNYxiX&BBUasXoBBLD170|BBUbdJN;BBKStQc&BBUasXoAABHWVu|BBUbdJN;AAAvJEv&BBUasXoAAARdDZ|BBUbdJN;AAAASQL&BBUasXoAAAZ5xA
user_544	BBUbdJN;AAyADnD&BBUasXoAA2eTBe|BBUbdJN;BBVF8u8&BBUasXoBBGk7uy|BBUbdJN;BBV2YJR&BBUasXoAAB8TGp|BBUbdJN;BBL6AZc&BBUasXoBBV4fjE|BBUbdJN;BBVctFt&BBUasXoAAACETv|BBUbdJN;BBNc2I7&BBUasXoBBL6vWz|BBUbdJN;AAyiDLG&BBUasXoBBNwUmh|BBUbdJN;BBKQA09&BBUasXoAAAZ3SN
user_545	BBUbdJN;AABKIuj&BBUasXoAAuu5er|BBUbdJN;BBUcPfJ&BBUasXoBBLyKAN|BBUbdJN;BBMdSnO&BBUasXoBBV894B|BBUbdJN;AABAsBx&BBUasXoBBVXyzp|BBUbdJN;AAvL9ds&BBUasXoAAARCpt|BBUbdJN;BBHwetM&BBUasXoAAyADnw
user_546	BBUbdJN;BBMRGoj&BBUasXoBBOtyok|BBUbdJN;AAvKkO1&BBUasXoAA9npVj|BBUbdJN;AAAM6VA&BBUasXoBBLk0Zw
user_547	BBUbdJN;BBLkwJA&BBUasXoBBEWBXY|BBUbdJN;BBVEVeo&BBUasXoAAAKeCb
user_548	BBUbdJN;AAAOIxS&BBUasXoBBJ3fVO|BBUbdJN;AAAO4pd&BBUasXoBBV1dH0
user_549	BBUbdJN;AAARaTv&BBUasXoAAAvJEv|BBUbdJN;BBIwOYv&BBUasXoAAweMwJ
user_550	BBUbdJN;BBMFvW0&BBUasXoBBNWiNe|BBUbdJN;BBJVL0J&BBUasXoBBVNEMA|BBUbdJN;AABHWVu&BBUasXoBBDmzK7|BBUbdJN;BBUYaFK&BBUasXoAA8lMqC|BBUbdJN;BBLzxW3&BBUasXoBBVXzDV
user_551	BBUbdJN;AAx0Vlx&BBUasXoAAAOsM0|BBUbdJN;AAARviJ&BBUasXoBBKRX2H|BBUbdJN;BBVCYjd&BBUasXoAAsurj6|BBUbdJN;BBNS2z7&BBUasXoBB100N6g|BBUbdJN;AAAZ3SN&BBUasXoBBMVdpZ|BBUbdJN;BBJ3fVO&BBUasXoBBMRGoj|BBUbdJN;AAxXp14&BBUasXoAAyADni|BBUbdJN;BBV4elZ&BBUasXoBBUq5wh
user_552	BBUbdJN;BBMYv4d&BBUasXoBBIdbe0|BBUbdJN;AA2ISfW&BBUasXoAAAsIkq|BBUbdJN;BBVKYPA&BBUasXoBBV1ppM|BBUbdJN;AAAWpRv&BBUasXoAAwrGv8|BBUbdJN;AAxDzxu&BBUasXoAAzgHgu|BBUbdJN;BBVSjds&BBUasXoBBL6CAZ|BBUbdJN;AAAR7gM&BBUasXoBBLD170|BBUbdJN;AAsQvKB&BBUasXoAAAtcpS|BBUbdJN;AAuP7ue&BBUasXoAAAMfsk
user_553	BBUbdJN;AABKX9K&BBUasXoAABGZJn|BBUbdJN;AAzW6h1&BBUasXoBBVXzDV|BBUbdJN;BBJ3fVO&BBUasXoBBGgFfH|BBUbdJN;BBLzxW3&BBUasXoBBNZaKA|BBUbdJN;BBLZ3n0&BBUasXoBBLrAmc|BBUbdJN;AAv7lDX&BBUasXoAAxL9NH
user_554	BBUbdJN;AAAM6Jx&BBUasXoAABHWVu|BBUbdJN;AAB8TGp&BBUasXoBBLIQ0T|BBUbdJN;AAsesZq&BBUasXoBBOwH0B|BBUbdJN;BBV4fIV&BBUasXoAAzW6h1|BBUbdJN;BBJ963r&BBUasXoAAAOIxS|BBUbdJN;AAv4n0c&BBUasXoBBLIVQb|BBUbdJN;BBLCOcI&BBUasXoAAAR7gM
user_555	BBUbdJN;BBN0NAK&BBUasXoAAAWpRv|BBUbdJN;BBV4zz7&BBUasXoAAAOoQT|BBUbdJN;AAuGRQP&BBUasXoAAAFdFZ|BBUbdJN;AAAYpAW&BBUasXoAABQlEh
user_556	BBUbdJN;BBUgFWE&BBUasXoBBHuIzA|BBUbdJN;BBKJtyu&BBUasXoAAB9dOB|BBUbdJN;AA2qznx&BBUasXoBBMzs4Z|BBUbdJN;BBIVF4U&BBUasXoBBJCeKv|BBUbdJN;BBJiVaa&BBUasXoAAATRJv|BBUbdJN;AAAcG3S&BBUasXoAAACETv|BBUbdJN;AAwfVUE&BBUasXoAAxZgFU|BBUbdJN;AAADukn&BBUasXoAAxZgFU|BBUbdJN;BBKvmih&BBUasXoBBLLcb7|BBUbdJN;BBKStQc&BBUasXoAAwzsR8
user_557	BBUbdJN;BBMiarN&BBUasXoBBVFn5b|BBUbdJN;AAAWpRv&BBUasXoBBHwnKx|BBUbdJN;BBM4c2a&BBUasXoBBMTKyQ|BBUbdJN;BBKh2ML&BBUasXoAA3gfvH|BBUbdJN;BBIaCq5&BBUasXoAAxXrqD|BBUbdJN;AAAOBDP&BBUasXoAAxZgFU
user_558	BBUbdJN;BBLF0Gc&BBUasXoAAzgHgu|BBUbdJN;BBMFvW0&BBUasXoBBFpq8n|BBUbdJN;BBIwOYv&BBUasXoAABAsBx|BBUbdJN;AAAKeCb&BBUasXoBBMzs4Z|BBUbdJN;BBLIXmS&BBUasXoBB100FCF|BBUbdJN;AAAgDqT&BBUasXoAAB2u3I|BBUbdJN;BBMFPNi&BBUasXoAAB9dcY|BBUbdJN;BBMoFtL&BBUasXoBBLHEz5
user_559	BBUbdJN;AAxF8nT&BBUasXoAAAGO2m|BBUbdJN;AA3fRp5&BBUasXoAAARwH5|BBUbdJN;AAyAKUa&BBUasXoBBDv9IT|BBUbdJN;AAxL9NH&BBUasXoAAsesZq|BBUbdJN;AAxnxl0&BBUasXoBBVSjd1|BBUbdJN;BBOTCVl&BBUasXoAAB2j3e|BBUbdJN;BBNkt7C&BBUasXoBBLrAmc|BBUbdJN;BBV4elZ&BBUasXoBBV4YU5|BBUbdJN;AAzgHgu&BBUasXoAAtnEW6
user_560	BBUbdJN;AAvfI8G&BBUasXoBBV4YU5|BBUbdJN;AAB5RFI&BBUasXoAAARdDZ|BBUbdJN;AAB9dcY&BBUasXoBBVAcD5|BBUbdJN;AABE6ab&BBUasXoAAyAKTH
user_561	BBUbdJN;BBUawlm&BBUasXoAAAR7gM|BBUbdJN;AAAQUuk&BBUasXoBBUjjnP|BBUbdJN;BBMTKyQ&BBUasXoAAvL9ds|BBUbdJN;AAB25cr&BBUasXoBBLkwJA|BBUbdJN;BBV4fIV&BBUasXoBBLsRAt|BBUbdJN;BBVPV4Z&BBUasXoAA3ggk0|BBUbdJN;AAqkbhx&BBUasXoBBVEVeo|BBUbdJN;AAAgDqT&BBUasXoBBVEbo2
user_562	BBUbdJN;BBV1dH0&BBUasXoAAxXuir|BBUbdJN;AAAKeCb&BBUasXoBBFXt5V|BBUbdJN;AAyAKTH&BBUasXoAABDHTv|BBUbdJN;AA4Tc3G&BBUasXoAAAREgH|BBUbdJN;BBLZ3n0&BBUasXoAAvfI8G|BBUbdJN;AAARruy&BBUasXoBBLrAmc|BBUbdJN;AAAREgH&BBUasXoAAAT4SG|BBUbdJN;BBMEtDi&BBUasXoAAB5RFI|BBUbdJN;AA4VInT&BBUasXoBBKyR1L
user_563	BBUbdJN;BBUrbKT&BBUasXoAA4VInT|BBUbdJN;AA3bhGW&BBUasXoBBMFttU|BBUbdJN;BBV3BKC&BBUasXoBBMzs4Z|BBUbdJN;AAAgGcl&BBUasXoBBV3BKC|BBUbdJN;BBMXL6V&BBUasXoAAqkbhx|BBUbdJN;BBKQA09&BBUasXoBBNZaKA|BBUbdJN;BBLIVQb&BBUasXoAAARruy|BBUbdJN;AAARdDZ&BBUasXoAAxXp14|BBUbdJN;BBIwSPD&BBUasXoAA3gpLN|BBUbdJN;BBNTrPF&BBUasXoAAwrGv8
user_564	BBUbdJN;AAzW6h1&BBUasXoAABRuxD|BBUbdJN;AAATuMd&BBUasXoAAAKeCb|BBUbdJN;AAATqB7&BBUasXoAAxZgFU|BBUbdJN;AAATuMd&BBUasXoBBLDqj4|BBUbdJN;BBLIQ0T&BBUasXoAAvKkO1|BBUbdJN;BBLzxW3&BBUasXoBBVJL7v|BBUbdJN;AAv1HhQ&BBUasXoBBV4fIV|BBUbdJN;BBLF0Gc&BBUasXoAAARviJ|BBUbdJN;BBUkAzR&BBUasXoBBMWWXk
user_565	BBUbdJN;AAANCDc&BBUasXoAA4VInT|BBUbdJN;BBLkc0L&BBUasXoBBUoXbO|BBUbdJN;AAwr9Xz&BBUasXoBBGim3y|BBUbdJN;AAy7GfC&BBUasXoAABHWVu|BBUbdJN;BBLuDsT&BBUasXoBBMKfHB|BBUbdJN;BBHO6dr&BBUasXoBBV1Nzg|BBUbdJN;BBUawlm&BBUasXoBBKyR1L|BBUbdJN;BBV71BM&BBUasXoBBV6cLI|BBUbdJN;BBIVF4U&BBUasXoBBLD170|BBUbdJN;BBMYv4d&BBUasXoBBVSktv
user_566	BBUbdJN;BBNTrPF&BBUasXoBBNkt7C
user_567	BBUbdJN;BBVEVeo&BBUasXoAAAM6Jx|BBUbdJN;BBGjJRO&BBUasXoBBLT5vU|BBUbdJN;AAwUqse&BBUasXoBBKRX2H
user_568	BBUbdJN;BBLyKAN&BBUasXoBBVM55R|BBUbdJN;AA2eTBe&BBUasXoAAsevdg|BBUbdJN;AAsesZq&BBUasXoBBV4fIV|BBUbdJN;AA2eTBe&BBUasXoAAvfI8G|BBUbdJN;AAAF8Ww&BBUasXoBBFncaK|BBUbdJN;AAsXRjK&BBUasXoAAB2j3e|BBUbdJN;AAB9dOB&BBUasXoAAwAhvm|BBUbdJN;AAA2FeL&BBUasXoAABQlEh
user_569	BBUbdJN;BBVM55R&BBUasXoBBNc2I7|BBUbdJN;AAzgHgu&BBUasXoBBGMYEq|BBUbdJN;BB100YVl&BBUasXoBBV3BKC|BBUbdJN;AAxXrqD&BBUasXoAAAM6VA|BBUbdJN;AAtnEW6&BBUasXoAAATk1K|BBUbdJN;AABYiwg&BBUasXoAABW7Z7|BBUbdJN;AAsXRjK&BBUasXoAAyADnw
user_570	BBUbdJN;BBLF0Gc&BBUasXoBBOthIn|BBUbdJN;BBLIVQb&BBUasXoBBLD170|BBUbdJN;AAAGO2m&BBUasXoBBOthIn|BBUbdJN;BBLSQ3o&BBUasXoAAAZfdV|BBUbdJN;AAzRkaY&BBUasXoAA3ggk0|BBUbdJN;BBGvfOS&BBUasXoBBJ3fVO
user_571	BBUbdJN;AAAZd20&BBUasXoAAAW0DF
user_572	BBUbdJN;BBNcqER&BBUasXoBBUcPfJ|BBUbdJN;AAAT4SG&BBUasXoAAy7GfC
user_573	BBUbdJN;BBMe8DV&BBUasXoAAtnEW6|BBUbdJN;BBVjtjw&BBUasXoAA3fApc|BBUbdJN;BBJVL0J&BBUasXoBBIdY6V|BBUbdJN;AAAMfsk&BBUasXoAAAT4SG|BBUbdJN;BBUq5wh&BBUasXoBBL6QWY|BBUbdJN;BBLpup5&BBUasXoAAxYab2|BBUbdJN;AAADQlB&BBUasXoBBNXlUe|BBUbdJN;AAth6aY&BBUasXoBBMXL6V|BBUbdJN;BBMFPNi&BBUasXoBBLD170
user_574	BBUbdJN;AAvKr4V&BBUasXoAAAQUuk|BBUbdJN;BBUbdJN&BBUasXoBBMoFtL|BBUbdJN;AAv1HhQ&BBUasXoAABJILs|BBUbdJN;AAweMwJ&BBUasXoAAsevdg|BBUbdJN;AAAW0DF&BBUasXoBBId9nm|BBUbdJN;BBLUFYs&BBUasXoAAyeTVF|BBUbdJN;AAv1HhQ&BBUasXoAAvfuF2
user_575	BBUbdJN;BBVR0K0&BBUasXoBB100PnO
user_576	BBUbdJN;BBUxQNx&BBUasXoBBJdoAY|BBUbdJN;BBVFn5b&BBUasXoAAwA9lA|BBUbdJN;BBJVL0J&BBUasXoAAsesZq|BBUbdJN;AAwUqse&BBUasXoAAyADni
user_577	BBUbdJN;AABRuxD&BBUasXoAABGZJn|BBUbdJN;BBL2uNw&BBUasXoAA3gpLN|BBUbdJN;BBLZ3n0&BBUasXoBBL6vWz|BBUbdJN;BBMhA5P&BBUasXoBBOoDSm|BBUbdJN;AAw0UUH&BBUasXoBBNS2z7|BBUbdJN;AAANCDc&BBUasXoAAvNkM0|BBUbdJN;AA3gpLN&BBUasXoAAALMuJ|BBUbdJN;AAARdDZ&BBUasXoAAAOsM0|BBUbdJN;BBVQVOk&BBUasXoBBVlo2w|BBUbdJN;BBN7eiN&BBUasXoBB100Bx9
user_578	BBUbdJN;BBUbdJN&BBUasXoAAyAABs|BBUbdJN;AABGZJn&BBUasXoAAARCpt|BBUbdJN;BBVPE58&BBUasXoAAvfxhN|BBUbdJN;BBLrAmc&BBUasXoBBMCoHF
user_579	BBUbdJN;AA8X1Au&BBUasXoAAsevdg|BBUbdJN;BBJTQ6I&BBUasXoBBKPLyt|BBUbdJN;BBLIVQb&BBUasXoBBHLQtE|BBUbdJN;AAxDzxu&BBUasXoAAyADni|BBUbdJN;BBV1dH0&BBUasXoAAAHUdZ|BBUbdJN;AAzW6h1&BBUasXoAAB96FM|BBUbdJN;AAAogC5&BBUasXoBBVSjds
user_580	BBUbdJN;BBJiVaa&BBUasXoBBGKNlv|BBUbdJN;BBMXMHI&BBUasXoBBH6sqU|BBUbdJN;BBL2uNw&BBUasXoBBHnGQc|BBUbdJN;BBVFacd&BBUasXoBBLIXmS|BBUbdJN;BBVjypU&BBUasXoAAsgkkY|BBUbdJN;BBVSf5i&BBUasXoBB100YVl|BBUbdJN;BBUg9Do&BBUasXoAAAW0DF|BBUbdJN;AAAZkwq&BBUasXoBBJCeKv|BBUbdJN;BBV4YU5&BBUasXoBBOwH0B
user_581	BBUbdJN;BBHLQtE&BBUasXoBBHuIzA|BBUbdJN;BBGgysX&BBUasXoBBMHYHC|BBUbdJN;AAwAhvm&BBUasXoAAA7oHF
user_582	BBUbdJN;AAAOIxS&BBUasXoAAxLVLO|BBUbdJN;BBV1ppM&BBUasXoBBMXMHI|BBUbdJN;AA8X1Au&BBUasXoAAtnEW6|BBUbdJN;AAATqB7&BBUasXoBBOoDSm|BBUbdJN;AAAZkwq&BBUasXoBBMFQdT|BBUbdJN;AAx8xEK&BBUasXoBBKStQc|BBUbdJN;AA3fRp5&BBUasXoBBNcDBd|BBUbdJN;AAwrGv8&BBUasXoAABGZJn
user_583	BBUbdJN;AAAHUdZ&BBUasXoAABJILs|BBUbdJN;AAv1HhQ&BBUasXoAA3gpLN|BBUbdJN;BBMFM09&BBUasXoBBVXK7i|BBUbdJN;AAsesZq&BBUasXoAAACETv|BBUbdJN;BBLyKAN&BBUasXoAA2qznx|BBUbdJN;BBMYv4d&BBUasXoBBVNc5r|BBUbdJN;BBLnEkX&BBUasXoBBMVhJ9
user_584	BBUbdJN;BBDmzK7&BBUasXoAAtEqjb|BBUbdJN;AAvL9ds&BBUasXoBBMB5u5|BBUbdJN;BBV1Evc&BBUasXoAAxLVLO|BBUbdJN;AABHWVu&BBUasXoBBL6W4H|BBUbdJN;BBV4fjE&BBUasXoAAyzOlr|BBUbdJN;AAxXp14&BBUasXoBBHwetM
user_585	BBUbdJN;BBVQfhU&BBUasXoAABJILs|BBUbdJN;BBHwnKx&BBUasXoBBV2YJR|BBUbdJN;BBHuIzA&BBUasXoBBKYPI0|BBUbdJN;AAB5RFI&BBUasXoBBMXMHI|BBUbdJN;AA3i3hb&BBUasXoAAyAPVN|BBUbdJN;BBNTrPF&BBUasXoAAy1Qm9
user_586	BBUbdJN;BBV71BM&BBUasXoAAB69ip|BBUbdJN;BBNaIrb&BBUasXoBBNYnWJ|BBUbdJN;AAuOQ0L&BBUasXoBBH9KRa|BBUbdJN;AAARviJ&BBUasXoAAAR7gM
user_587	BBUbdJN;AA4VBvU&BBUasXoBBLHZ7H|BBUbdJN;BBH6sqU&BBUasXoBBMVhJ9|BBUbdJN;BBLAgxA&BBUasXoAAyADo0
user_588	BBUbdJN;BBGgysX&BBUasXoAAATGy9|BBUbdJN;AAAZkwq&BBUasXoBBL6CAZ
user_589	BBUbdJN;AAAKeCb&BBUasXoBBNFjp8|BBUbdJN;BBNf8oK&BBUasXoAAB9dcY|BBUbdJN;AAvXr8T&BBUasXoAAvL9ds|BBUbdJN;BBMvpSD&BBUasXoAAwEGzs
user_590	BBUbdJN;BBV1Evc&BBUasXoBBNTrPF
user_591	BBUbdJN;BB1009hG&BBUasXoAAB2iuR|BBUbdJN;AAwA9lA&BBUasXoAAAgDqT|BBUbdJN;BBMKfHB&BBUasXoBBJI1dB
user_592	BBUbdJN;BBIaCq5&BBUasXoAAzgHgu|BBUbdJN;AAAOrHc&BBUasXoAA9npVj|BBUbdJN;AAyzOlr&BBUasXoAABJILs|BBUbdJN;AAARpcX&BBUasXoBBUktpj|BBUbdJN;AA2qznx&BBUasXoBBV5WXI|BBUbdJN;BBUjjnP&BBUasXoBBLHZ7H|BBUbdJN;AAATuMd&BBUasXoBBMbXWT
user_593	BBUbdJN;BBNaIrb&BBUasXoBBMXL6V|BBUbdJN;BBVR0K0&BBUasXoAABAsBx|BBUbdJN;AAvNkM0&BBUasXoBBLiEQ4|BBUbdJN;AAzW6h1&BBUasXoAAy2kZX
user_594	BBUbdJN;BBN0AuL&BBUasXoBBMZWbw|BBUbdJN;AAxN4SL&BBUasXoBBJCeKv|BBUbdJN;BBKYPI0&BBUasXoBBUxor2|BBUbdJN;AA3gfvH&BBUasXoAAB3hqW|BBUbdJN;BBN7eiN&BBUasXoBBV71BM
user_595	BBUbdJN;AAAZdwT&BBUasXoBBNRGhy|BBUbdJN;BBLIVQb&BBUasXoAAB69ip|BBUbdJN;AAwQoQy&BBUasXoBBNkt7C|BBUbdJN;AAw0UUH&BBUasXoAAylz6W|BBUbdJN;BBVFiDd&BBUasXoAA2ISfW|BBUbdJN;AAxl48x&BBUasXoBBVMCOX|BBUbdJN;BBUojmR&BBUasXoBBMiarN|BBUbdJN;AAAZi8t&BBUasXoAAB2j3e|BBUbdJN;BBUgFWE&BBUasXoAAxLVLO|BBUbdJN;AA85LCJ&BBUasXoBBUrbKT
user_596	BBUbdJN;BBL6AZc&BBUasXoBBVjtjw|BBUbdJN;AAx0Vlx&BBUasXoBBDmzK7|BBUbdJN;AAAOIxS&BBUasXoBBMFQdT
user_597	BBUbdJN;AABG8UE&BBUasXoBBMi4WK|BBUbdJN;AAweMwJ&BBUasXoBBF3RTF|BBUbdJN;BBUkAzR&BBUasXoAA8X1Au
user_598	BBUbdJN;BBLRPbG&BBUasXoBBN0NAK|BBUbdJN;BBHnGQc&BBUasXoAAARmnD|BBUbdJN;AAwyZza&BBUasXoBBVXzDV|BBUbdJN;AAARdDZ&BBUasXoBBUYaFK|BBUbdJN;BBUgFWE&BBUasXoBBH6sqU|BBUbdJN;AAyAS4w&BBUasXoAAyAKST|BBUbdJN;BBIdY6V&BBUasXoBBV4zz7|BBUbdJN;AAB1Mio&BBUasXoBBVQT2P
user_599	BBUbdJN;BBH6sqU&BBUasXoAA2gs73|BBUbdJN;BBMRGoj&BBUasXoAAyAS4w|BBUbdJN;BBKJtyu&BBUasXoAAyAKUa|BBUbdJN;AAvKoOa&BBUasXoBBOtyok|BBUbdJN;AAyAKST&BBUasXoBBEWBXY|BBUbdJN;AAx8xEK&BBUasXoBBHwnKx|BBUbdJN;BBMA2Cr&BBUasXoAAth6aY
user_600	BBUbdJN;BBOtp3v&BBUasXoBBVPE58|BBUbdJN;AAwEPYW&BBUasXoAAvisbZ|BBUbdJN;BBNwUmh&BBUasXoAABQDiu|BBUbdJN;BBLuDsT&BBUasXoAA2ISfW|BBUbdJN;BBN9xcZ&BBUasXoAAuu5er|BBUbdJN;BBOwH0B&BBUasXoBBJTQ6I|BBUbdJN;BBHwetM&BBUasXoBBIwSPD|BBUbdJN;AAw0UUH&BBUasXoAAAZkwq|BBUbdJN;AAA0qq0&BBUasXoBBVR0K0|BBUbdJN;AAAOIxS&BBUasXoAAwfVUE
user_601	BBUbdJN;AAB5HVc&BBUasXoAAAeUHj|BBUbdJN;BBVGoI2&BBUasXoBBMXL6V|BBUbdJN;BBVNFvj&BBUasXoAAxDzxu|BBUbdJN;AA2eTBe&BBUasXoBBLsyWp|BBUbdJN;AAAtcpS&BBUasXoBBJ3fVO|BBUbdJN;BBUawlm&BBUasXoBBVFn5b|BBUbdJN;BBN7eiN&BBUasXoAAyAABs|BBUbdJN;AAAZ5xA&BBUasXoAABJILs
user_602	BBUbdJN;BBMBEtM&BBUasXoBBNcDBd|BBUbdJN;BBJ3fVO&BBUasXoAAyAKST
user_603	BBUbdJN;BBUuibK&BBUasXoAAA2FeL|BBUbdJN;BBGgysX&BBUasXoAArwsEO|BBUbdJN;BBOsyuJ&BBUasXoAA2gs73
user_604	BBUbdJN;BBL0xLh&BBUasXoBBVJL7v|BBUbdJN;BBV1Sye&BBUasXoBBLwB05|BBUbdJN;BBNYBjr&BBUasXoAA5bCkb|BBUbdJN;AAB8TGp&BBUasXoAABW7Z7|BBUbdJN;AAyzOlr&BBUasXoBBNZaKA|BBUbdJN;BBLUFYs&BBUasXoAABQDiu|BBUbdJN;BBLnEkX&BBUasXoBBOtp3v|BBUbdJN;BBV4fjE&BBUasXoAAvisbZ
user_605	BBUbdJN;BBId9nm&BBUasXoAAAZkwq|BBUbdJN;BBV6cLI&BBUasXoAA3i3hb|BBUbdJN;BBNcDBd&BBUasXoBBMXMHI|BBUbdJN;BBGLGrn&BBUasXoAAAROdV|BBUbdJN;AAyiDLG&BBUasXoAAxXuir
user_606	BBUbdJN;BBJlkaq&BBUasXoAABQlEh|BBUbdJN;AAvKoOa&BBUasXoAABQlEh|BBUbdJN;BBJI1dB&BBUasXoAAAQUuk|BBUbdJN;BBUawlm&BBUasXoAAARdDZ|BBUbdJN;AAAO4pd&BBUasXoBBIL0CC|BBUbdJN;AABE6ab&BBUasXoAAB8TGp|BBUbdJN;AAB2EcG&BBUasXoBBUgEu2
user_607	BBUbdJN;AAsgkkY&BBUasXoAAth6aY|BBUbdJN;AA8X1Au&BBUasXoAA9npVj|BBUbdJN;AABKIuj&BBUasXoAAB9dOB|BBUbdJN;BBGim3y&BBUasXoAAy2kZX|BBUbdJN;BBKrukC&BBUasXoAAsmnqz|BBUbdJN;BBKStQc&BBUasXoAAyN37H|BBUbdJN;BBVAcD5&BBUasXoAAATGy9
user_608	BBUbdJN;AAvfuF2&BBUasXoAAxXuir|BBUbdJN;AAxLVLO&BBUasXoBBDmzK7|BBUbdJN;BBJCeKv&BBUasXoBBUuibK|BBUbdJN;AAvXr8T&BBUasXoBBIVF4U|BBUbdJN;AAARruy&BBUasXoAAB9dcY|BBUbdJN;BBUgeaU&BBUasXoBBVSYWP|BBUbdJN;BBVF8u8&BBUasXoBBL6kTL|BBUbdJN;AAyiDLG&BBUasXoAAANign|BBUbdJN;BBGMYEq&BBUasXoAAxXAye
user_609	BBUbdJN;BBIzno8&BBUasXoAAwfVUE|BBUbdJN;AABGH82&BBUasXoAAxDzxu|BBUbdJN;BBNhGI1&BBUasXoAAAvJEv
user_610	BBUbdJN;BBNXlUe&BBUasXoBBVQVOk|BBUbdJN;AAANign&BBUasXoBBMVhJ9|BBUbdJN;AAAREgH&BBUasXoBBVNKNc|BBUbdJN;AAAeUHj&BBUasXoBBKPLyt|BBUbdJN;BBUcPfJ&BBUasXoBBOwH0B|BBUbdJN;BBMwCS8&BBUasXoAABG8UE
user_611	BBUbdJN;BBVXK7i&BBUasXoBBUuibK|BBUbdJN;BBVlo2w&BBUasXoBBL2uNw|BBUbdJN;AAweMwJ&BBUasXoAAy1Qm9|BBUbdJN;AAApGWa&BBUasXoAABKIuj|BBUbdJN;AA8lMqC&BBUasXoBBEKZa9|BBUbdJN;AAAdAn8&BBUasXoBBVlo2w|BBUbdJN;BBMi5bl&BBUasXoBBLZ3n0|BBUbdJN;AAtnEW6&BBUasXoAAB69ip
user_612	BBUbdJN;AA2gs73&BBUasXoBBVlo2w
user_613	BBUbdJN;AAyy9gw&BBUasXoAA4VBvU|BBUbdJN;AA3bhGW&BBUasXoBBKYPI0|BBUbdJN;AAAcG3S&BBUasXoAAARyVb|BBUbdJN;AAAZd20&BBUasXoAAARJJ2|BBUbdJN;BBGKNlv&BBUasXoAA3fRp5|BBUbdJN;AAAR7gM&BBUasXoBBVHk6z|BBUbdJN;AAATqB7&BBUasXoAAAOsM0|BBUbdJN;BBN7eiN&BBUasXoBBHnGQc
user_614	BBUbdJN;AAARL6T&BBUasXoAAx0Vlx|BBUbdJN;BBMB5u5&BBUasXoBBNZaKA|BBUbdJN;AABRuxD&BBUasXoBBVFiDd|BBUbdJN;BBMA2Cr&BBUasXoBBVXRjR|BBUbdJN;AAB8TGp&BBUasXoBBVPE58|BBUbdJN;BBOTCVl&BBUasXoBBUcPfJ|BBUbdJN;AAwAhvm&BBUasXoBBLk0Zw|BBUbdJN;AAuP7ue&BBUasXoBBUktpj
user_615	BBUbdJN;BBNcqER&BBUasXoBBNYBjr|BBUbdJN;BBIzno8&BBUasXoBBIwSPD|BBUbdJN;AAwQoQy&BBUasXoAABRuxD|BBUbdJN;AAAZ3SN&BBUasXoBBNkt7C
user_616	BBUbdJN;AAB8TGp&BBUasXoBBVNFvj
user_617	BBUbdJN;BBVM55R&BBUasXoAAzRkaY|BBUbdJN;AAB2j3e&BBUasXoBBO1cwm|BBUbdJN;BBL6CAZ&BBUasXoAArnRKI|BBUbdJN;AAARaTv&BBUasXoBBUgeaU|BBUbdJN;BBVT81D&BBUasXoBB1009hG|BBUbdJN;BBVI2Ci&BBUasXoBBNYBjr|BBUbdJN;BBNYnWJ&BBUasXoAArWDxX|BBUbdJN;BBMJwbb&BBUasXoBBN0NAK
user_618	BBUbdJN;AAyADnw&BBUasXoBB100HPz|BBUbdJN;AAAMySP&BBUasXoAAv1HhQ|BBUbdJN;BBMe8DV&BBUasXoAAxDzxu|BBUbdJN;AAylz6W&BBUasXoAAAsIkq
user_619	BBUbdJN;BBMHokT&BBUasXoAAAZi8t|BBUbdJN;AAy7GfC&BBUasXoAAxl48x|BBUbdJN;AA2guvq&BBUasXoAAARviJ|BBUbdJN;BBV2YJR&BBUasXoAAAM6Jx|BBUbdJN;BBKYPI0&BBUasXoBBMHYHC|BBUbdJN;AABGZJn&BBUasXoBBVctFt|BBUbdJN;AAwr9Xz&BBUasXoBBN7eiN|BBUbdJN;AAyADoH&BBUasXoAAyzOlr
user_620	BBUbdJN;AAACETv&BBUasXoAABQlEh
user_621	BBUbdJN;BBGKNlv&BBUasXoBBVNc5r|BBUbdJN;BBLkc0L&BBUasXoBBIwSPD|BBUbdJN;BBMvpSD&BBUasXoAAAQUuk
user_622	BBUbdJN;BBGKNlv&BBUasXoBBNYBjr|BBUbdJN;AAzRkaY&BBUasXoBBUg5Or
user_623	BBUbdJN;AAyAKUa&BBUasXoBBUtASG|BBUbdJN;AAAsIkq&BBUasXoBBJ963r|BBUbdJN;BBVKYPA&BBUasXoAArWDxX|BBUbdJN;AAADQlB&BBUasXoAAzW6h1|BBUbdJN;BBMCoHF&BBUasXoBBNS2z7
user_624	BBUbdJN;AABKIuj&BBUasXoBBLHWzM|BBUbdJN;AAxYab2&BBUasXoBBUq5wh
user_625	BBUbdJN;AAAZ5xA&BBUasXoBBVSktv|BBUbdJN;BBUjjnP&BBUasXoAABJILs|BBUbdJN;AABGH82&BBUasXoBBV4fjE|BBUbdJN;BBFXt5V&BBUasXoBBJdoAY|BBUbdJN;BBMHYHC&BBUasXoAAsurj6|BBUbdJN;BBLwB05&BBUasXoAAxXoXX|BBUbdJN;AAyADnD&BBUasXoBBJiVaa|BBUbdJN;BBVKYPA&BBUasXoBBVQVOk|BBUbdJN;BBVFacd&BBUasXoAAAZoxS|BBUbdJN;AAsurj6&BBUasXoAAv4n0c
user_626	BBUbdJN;AAATGy9&BBUasXoAAACETv|BBUbdJN;BBGMYEq&BBUasXoAAqJUn9|BBUbdJN;BBVPV4Z&BBUasXoAAxL9NH|BBUbdJN;AAAT4SG&BBUasXoBBL6kTL|BBUbdJN;BBGgFfH&BBUasXoAAACETv
user_627	BBUbdJN;BBLSQ3o&BBUasXoAAAZfdV|BBUbdJN;BBUojmR&BBUasXoBBVFiDd|BBUbdJN;AAy1Qm9&BBUasXoBBHriZh|BBUbdJN;BBHO6dr&BBUasXoBBOU2yT|BBUbdJN;BBNFjp8&BBUasXoBBLjMHu|BBUbdJN;BBEKb2q&BBUasXoBB100N6g|BBUbdJN;BBLCByC&BBUasXoAAwr9Xz|BBUbdJN;BBUxor2&BBUasXoBBLCOcI|BBUbdJN;BBVXzDV&BBUasXoBBNYxiX|BBUbdJN;AABHWVu&BBUasXoAAB5RFI
user_628	BBUbdJN;AAuGRQP&BBUasXoBBVQfhU|BBUbdJN;AAARGsX&BBUasXoBBUuibK|BBUbdJN;AAARaTv&BBUasXoBBLjMHu|BBUbdJN;AA2qznx&BBUasXoAAAcG3S|BBUbdJN;AAuu5er&BBUasXoBBV1dH0|BBUbdJN;BBMCoHF&BBUasXoBBVGoI2|BBUbdJN;AAvL9ds&BBUasXoBBMVhJ9|BBUbdJN;AA4VBvU&BBUasXoAAAgDqT|BBUbdJN;AAAT4SG&BBUasXoBBJiVaa|BBUbdJN;BBLiEQ4&BBUasXoAAARruy
user_629	BBUbdJN;BBLIXmS&BBUasXoBBH6ntg|BBUbdJN;BBMbXWT&BBUasXoAAAsIkq|BBUbdJN;BBMvpSD&BBUasXoAAARwH5|BBUbdJN;AAyeTVF&BBUasXoBBOthIn|BBUbdJN;AAxXAWa&BBUasXoAAth6aY|BBUbdJN;BBL6vWz&BBUasXoAAxXrqD|BBUbdJN;BBNca9o&BBUasXoBBVEbo2|BBUbdJN;BBLkc0L&BBUasXoAAvfI8G|BBUbdJN;AAAM6VA&BBUasXoBBNT7UF|BBUbdJN;AAAW0DF&BBUasXoAAxOeQ4
user_630	BBUbdJN;BBV2YJR&BBUasXoBBKYPI0|BBUbdJN;AA2qznx&BBUasXoAAB1Mio
user_631	BBUbdJN;BBMygGa&BBUasXoAAwA9lA
user_632	BBUbdJN;AAyADo0&BBUasXoBBUtASG|BBUbdJN;AAvrWds&BBUasXoBBJlkaq|BBUbdJN;AArWDxX&BBUasXoBBIq49J|BBUbdJN;BBLwB05&BBUasXoBBMA2Cr|BBUbdJN;AAAZfdV&BBUasXoBBNkt7C|BBUbdJN;BBIq49J&BBUasXoAAsevdg|BBUbdJN;BBUpBMa&BBUasXoAAvrWds
user_633	BBUbdJN;AAyAKST&BBUasXoAAsmnqz|BBUbdJN;AA2guvq&BBUasXoAAATGya|BBUbdJN;BBVMCOX&BBUasXoBBUojmR|BBUbdJN;AAwEGzs&BBUasXoBBOsyuJ|BBUbdJN;BBVXRjR&BBUasXoAA2qznx
user_634	BBUbdJN;AAARL6T&BBUasXoBBVQVOk|BBUbdJN;AAwrGv8&BBUasXoAAARpcX|BBUbdJN;AAB8TGp&BBUasXoBBUq5wh|BBUbdJN;BBJ3fVO&BBUasXoAAARCpt|BBUbdJN;BBVFacd&BBUasXoAA4VBvU|BBUbdJN;AAARpcX&BBUasXoAAyy9gw|BBUbdJN;AAAZ5xA&BBUasXoBBLuDsT|BBUbdJN;BBUrbKT&BBUasXoAAxYab2
user_635	BBUbdJN;AAACETv&BBUasXoBBMFPNi|BBUbdJN;AAAR7gM&BBUasXoBBUvu4V|BBUbdJN;BBEWBXY&BBUasXoBBO1cwm|BBUbdJN;BBGMYEq&BBUasXoAAAO4pd|BBUbdJN;BBVHk6z&BBUasXoAAB9dOB|BBUbdJN;BBVPV4Z&BBUasXoBBGk7uy|BBUbdJN;AAAOrHc&BBUasXoBBLRPbG|BBUbdJN;BBLyKAN&BBUasXoAABKIuj|BBUbdJN;BBHwnKx&BBUasXoAAB5RFI
user_636	BBUbdJN;BBV1Evc&BBUasXoBBV1Evc|BBUbdJN;BBUcPfJ&BBUasXoAABGTFJ|BBUbdJN;BBGgFfH&BBUasXoBBVSktv|BBUbdJN;BBHuIzA&BBUasXoBBVNFvj|BBUbdJN;BBNca9o&BBUasXoBBLIQ0T|BBUbdJN;BBOU2yT&BBUasXoAAuGRQP|BBUbdJN;AAqJUn9&BBUasXoAAsevdg|BBUbdJN;BBUg5Or&BBUasXoBBMKtn3|BBUbdJN;BBVNEMA&BBUasXoAAyAPVN
user_637	BBUbdJN;BBVKYPA&BBUasXoAAxLVLO|BBUbdJN;BBMe8DV&BBUasXoAAARmnD|BBUbdJN;BBOtyok&BBUasXoAAB69ip|BBUbdJN;AAA0qq0&BBUasXoAAATGya|BBUbdJN;BBVM55R&BBUasXoAABbD1C|BBUbdJN;BBNZaKA&BBUasXoBBL6vWz|BBUbdJN;AAAFGsN&BBUasXoBBLpup5|BBUbdJN;AAvfxhN&BBUasXoAAsevdg|BBUbdJN;AAATk1K&BBUasXoAAARL6T|BBUbdJN;BBJlkaq&BBUasXoBBLkwJA
user_638	BBUbdJN;AAB25cr&BBUasXoBBUgFWE|BBUbdJN;BBVhV5z&BBUasXoBBNZaKA|BBUbdJN;AAB96FM&BBUasXoBBL6AZc|BBUbdJN;BBF3RTF&BBUasXoBBVQT2P|BBUbdJN;BBV6cLI&BBUasXoAA2eTBe
user_639	BBUbdJN;AAvfI8G&BBUasXoBBV1Sye|BBUbdJN;BBKyR1L&BBUasXoAAxnxl0|BBUbdJN;AAwTTtM&BBUasXoBB100PnO|BBUbdJN;AAARviJ&BBUasXoAAx8xEK|BBUbdJN;AAvKr4V&BBUasXoBBMAcho|BBUbdJN;BBIVF4U&BBUasXoBBOtyok|BBUbdJN;BBVPE58&BBUasXoAArwsEO|BBUbdJN;BBMFttU&BBUasXoAAATGy9|BBUbdJN;BBUktpj&BBUasXoBBLyKAN
user_640	BBUbdJN;BBDv9IT&BBUasXoBBMXL6V|BBUbdJN;BBGgFfH&BBUasXoAABRuxD|BBUbdJN;BBV1Evc&BBUasXoBBNcDBd|BBUbdJN;AArwsEO&BBUasXoBBNcqER|BBUbdJN;BBLyKAN&BBUasXoBBL6vWz|BBUbdJN;AAsesZq&BBUasXoBBEJYF3
user_641	BBUbdJN;AAxOeQ4&BBUasXoBB100IjZ|BBUbdJN;BBKRX2H&BBUasXoAAyAS4w|BBUbdJN;BBV1ppM&BBUasXoAAAO4pd|BBUbdJN;AAweMwJ&BBUasXoBBV71BM
user_642	BBUbdJN;BBV5WXI&BBUasXoBBUg9Do|BBUbdJN;AAAZ5xA&BBUasXoAA8lMqC|BBUbdJN;BBJiVaa&BBUasXoBBMFM09
user_643	BBUbdJN;AAxDzxu&BBUasXoBBH6ntg|BBUbdJN;AABQDiu&BBUasXoBBNS2z7|BBUbdJN;BBJCeKv&BBUasXoAAAsIkq|BBUbdJN;AAB3hqW&BBUasXoAAxl48x|BBUbdJN;BBHnGQc&BBUasXoBBMHokT|BBUbdJN;BBOwH0B&BBUasXoAAyAABs|BBUbdJN;AAvNkM0&BBUasXoBBJ3fVO
user_644	BBUbdJN;AAAZd20&BBUasXoAABKX9K|BBUbdJN;AAtnEW6&BBUasXoAAB2iuR
user_645	BBUbdJN;BBLpup5&BBUasXoAAxXoXX|BBUbdJN;BBHuIzA&BBUasXoAAwAhvm|BBUbdJN;AAANCDc&BBUasXoAArWDxX|BBUbdJN;BBGim3y&BBUasXoBBVhV5z|BBUbdJN;AA3gfvH&BBUasXoAABG8UE|BBUbdJN;BBIdbe0&BBUasXoAAARruy|BBUbdJN;BBVCYjd&BBUasXoBBMVdpZ|BBUbdJN;AAARmnD&BBUasXoBBVF8u8|BBUbdJN;AAwfVUE&BBUasXoBBMFttU
user_646	BBUbdJN;BBFXt5V&BBUasXoAABE6ab|BBUbdJN;AAB5RFI&BBUasXoBBV4fjE|BBUbdJN;AAAW0DF&BBUasXoBBLCByC
user_647	BBUbdJN;BBUuibK&BBUasXoAAARruy|BBUbdJN;BBKQA09&BBUasXoBBUq5wh|BBUbdJN;AAAGO2m&BBUasXoBB100YVl|BBUbdJN;BBKyR1L&BBUasXoAAB3hqW
user_648	BBUbdJN;BBUg9Do&BBUasXoAAB2iuR|BBUbdJN;BBVEbo2&BBUasXoBBH9KRa|BBUbdJN;BB100FCF&BBUasXoBBLiEQ4|BBUbdJN;BBUasXo&BBUasXoBBV3BKC|BBUbdJN;BBV2YJR&BBUasXoBBUkAzR|BBUbdJN;AAsXRjK&BBUasXoBBNYBjr|BBUbdJN;BBV1Nzg&BBUasXoAAACETv|BBUbdJN;AABAsBx&BBUasXoAAxN4SL
user_649	BBUbdJN;BBVPE58&BBUasXoBBEKZa9|BBUbdJN;AAANign&BBUasXoBBEWBXY|BBUbdJN;BBIL0CC&BBUasXoBB100IjZ|BBUbdJN;AA8X1Au&BBUasXoAAAMdk8|BBUbdJN;BBNRGhy&BBUasXoAAwA9lA
user_650	BBUbdJN;BBKvmih&BBUasXoAABYiwg|BBUbdJN;BBH6sqU&BBUasXoAAuJwxQ|BBUbdJN;BBLHZ7H&BBUasXoAAB1Mio|BBUbdJN;AAARwH5&BBUasXoBBIL0CC|BBUbdJN;BBMoFtL&BBUasXoBBMCoHF|BBUbdJN;BBMKtn3&BBUasXoAAyADni|BBUbdJN;BBMKfHB&BBUasXoBB100N6g|BBUbdJN;AAB69ip&BBUasXoBBIL0CC
user_651	BBUbdJN;AAAREgH&BBUasXoBBVSf5i|BBUbdJN;AAARviJ&BBUasXoAAATuMd|BBUbdJN;BBIdbe0&BBUasXoAAylz6W|BBUbdJN;BBV4zz7&BBUasXoAAB96FM|BBUbdJN;AA8lMqC&BBUasXoBBKRX2H|BBUbdJN;AAxZgFU&BBUasXoAArWO54|BBUbdJN;BBHwnKx&BBUasXoBBVJL7v|BBUbdJN;AAyy9gw&BBUasXoAA2eTBe
user_652	BBUbdJN;BBMTKyQ&BBUasXoBBUg5Or|BBUbdJN;BBKZ16M&BBUasXoAAAgDqT|BBUbdJN;BBO1cwm&BBUasXoBBOtyok|BBUbdJN;AAARCpt&BBUasXoBBV6cLI|BBUbdJN;BBOwH0B&BBUasXoBBUktpj|BBUbdJN;BBVNKNc&BBUasXoAAB1Mio
user_653	BBUbdJN;BBVNc5r&BBUasXoAAu2Zc2|BBUbdJN;BBGgysX&BBUasXoBBKQA09|BBUbdJN;AAB25cr&BBUasXoAAARGsX|BBUbdJN;BBMFPNi&BBUasXoAAA2FeL|BBUbdJN;BBUcPfJ&BBUasXoBBLAntn|BBUbdJN;BBOsyuJ&BBUasXoAAwAhvm
user_654	BBUbdJN;AAvKkO1&BBUasXoBBN0AuL|BBUbdJN;BBGMYEq&BBUasXoAAyADnD|BBUbdJN;BB100YVl&BBUasXoBBVPE58|BBUbdJN;AAAFGsN&BBUasXoBBVKYPA
user_655	BBUbdJN;AAv7lDX&BBUasXoAAARpcX|BBUbdJN;BBMBEtM&BBUasXoBBGgFfH|BBUbdJN;AArWDxX&BBUasXoAAA0qq0|BBUbdJN;AAwr9Xz&BBUasXoBBMbXWT|BBUbdJN;BBLjMHu&BBUasXoAAARaTv|BBUbdJN;BBUgEu2&BBUasXoAA3gf2C|BBUbdJN;BBHnGQc&BBUasXoBBUg9Do
user_656	BBUbdJN;AAAZkwq&BBUasXoAA4Tc3G|BBUbdJN;BBMVoOL&BBUasXoAA4VInT|BBUbdJN;AAv4n0c&BBUasXoBBUawlm|BBUbdJN;AABGTFJ&BBUasXoBBVR0K0|BBUbdJN;AAyeTVF&BBUasXoAArwsEO|BBUbdJN;BBFXt5V&BBUasXoBBLsRAt|BBUbdJN;AABGTFJ&BBUasXoBBJTQ6I|BBUbdJN;BBUasXo&BBUasXoBB100IjZ|BBUbdJN;BBKYPI0&BBUasXoAAxN4SL
user_657	BBUbdJN;BBL9Ih9&BBUasXoBBVFiDd|BBUbdJN;AA4VInT&BBUasXoBBGgysX|BBUbdJN;AAAR7gM&BBUasXoBBVXzDV|BBUbdJN;BBGMYEq&BBUasXoAAANCDc
user_658	BBUbdJN;BBV6cLI&BBUasXoAAxN4SL|BBUbdJN;BBFpq8n&BBUasXoAAth6aY|BBUbdJN;AABHWVu&BBUasXoBBLHZ7H|BBUbdJN;AAw0UUH&BBUasXoBBDWniw|BBUbdJN;BBMdSnO&BBUasXoBBGKNlv|BBUbdJN;BBV5WXI&BBUasXoBBVYlgd|BBUbdJN;BBMi5ey&BBUasXoBBDv9IT|BBUbdJN;BBMXL6V&BBUasXoBBLHZ7H
user_659	BBUbdJN;AAA2FeL&BBUasXoAAwr9Xz
user_660	BBUbdJN;BBLkwJA&BBUasXoBBMZWbw|BBUbdJN;AABQlEh&BBUasXoAAwAhvm|BBUbdJN;BBV6cLI&BBUasXoBBMwCS8|BBUbdJN;BBHO6dr&BBUasXoAAsmnqz
user_661	BBUbdJN;AAv7lDX&BBUasXoAA3gf2C|BBUbdJN;BBV894B&BBUasXoAAsevdg|BBUbdJN;BBVNKNc&BBUasXoAAARL6T|BBUbdJN;BBMXMHI&BBUasXoBBMi4WK|BBUbdJN;BBEY0sP&BBUasXoBBV2YJR|BBUbdJN;BBMRGoj&BBUasXoAAAO4pd
user_662	BBUbdJN;BB100PnO&BBUasXoBBVXzDV
user_663	BBUbdJN;AAAsIkq&BBUasXoAAx0Vlx|BBUbdJN;BBKYPI0&BBUasXoAAAeUHj|BBUbdJN;AAAHUdZ&BBUasXoBBVjypU
user_664	BBUbdJN;AAxLVLO&BBUasXoBBKJtyu
user_665	BBUbdJN;AA4Tc3G&BBUasXoAAAMdk8|BBUbdJN;AAAO4pd&BBUasXoAABQDiu|BBUbdJN;AAsevdg&BBUasXoBBJlkaq|BBUbdJN;AAAOBDP&BBUasXoAABGZJn|BBUbdJN;AAyADnD&BBUasXoAA3hFc6|BBUbdJN;BBJVL0J&BBUasXoAAxDzxu|BBUbdJN;AAwr9Xz&BBUasXoBBH6ntg|BBUbdJN;AA3gf2C&BBUasXoBBLHWzM|BBUbdJN;AAweMwJ&BBUasXoBBEY0sP
user_666	BBUbdJN;AA85LCJ&BBUasXoBBVPE58|BBUbdJN;BBMFQdT&BBUasXoAAAtcpS|BBUbdJN;BBL6QWY&BBUasXoAAARdDZ|BBUbdJN;AA8lMqC&BBUasXoAAxOeQ4|BBUbdJN;BBVMCOX&BBUasXoAAvrWds|BBUbdJN;AAyAABs&BBUasXoBBLnEkX
user_667	BBUbdJN;BBVFacd&BBUasXoAABbD1C|BBUbdJN;AAAZdwT&BBUasXoBBL6kTL|BBUbdJN;BBV5WXI&BBUasXoAABW7Z7|BBUbdJN;AAB1Mio&BBUasXoBBUrbKT|BBUbdJN;BBNhGI1&BBUasXoBBL6QWY|BBUbdJN;BBVJL7v&BBUasXoBBJlkaq
user_668	BBUbdJN;BBMFQdT&BBUasXoBBHO6dr|BBUbdJN;AAAOrHc&BBUasXoBBEY0sP|BBUbdJN;AAATk1K&BBUasXoAAAOIxS|BBUbdJN;BBMBEtM&BBUasXoAAxnxl0
user_669	BBUbdJN;AAuOQ0L&BBUasXoBBDmzK7|BBUbdJN;BBVNEMA&BBUasXoBBMoFtL|BBUbdJN;BBIVF4U&BBUasXoBBJI1dB|BBUbdJN;AAAO4pd&BBUasXoBBUtASG
user_670	BBUbdJN;AA2gs73&BBUasXoBBKYPI0|BBUbdJN;BBV1Evc&BBUasXoBBNwUmh|BBUbdJN;BBNwUmh&BBUasXoAAAZoxS|BBUbdJN;AAAZfdV&BBUasXoBBVCYjd|BBUbdJN;BBMJwbb&BBUasXoBBMRGoj|BBUbdJN;AAxqWo3&BBUasXoBBKZ16M|BBUbdJN;AAAZ5xA&BBUasXoBBNWiNe
user_671	BBUbdJN;BBEY0sP&BBUasXoBBNYnWJ|BBUbdJN;AAB5HVc&BBUasXoBBNaIrb|BBUbdJN;BBLHEz5&BBUasXoAAAgDqT
user_672	BBUbdJN;BBND51v&BBUasXoBBV2YJR|BBUbdJN;BBV2YJR&BBUasXoBBMvpSD|BBUbdJN;BBLD170&BBUasXoBBNca9o|BBUbdJN;BBM4c2a&BBUasXoBBMZWbw|BBUbdJN;BBNS2z7&BBUasXoBBLHZ7H|BBUbdJN;BBIdY6V&BBUasXoAABJILs
user_673	BBUbdJN;BBVR0K0&BBUasXoBBLkdd0
user_674	BBUbdJN;BBVXzDV&BBUasXoAAAZd20|BBUbdJN;BBV1Nzg&BBUasXoAAANCDc|BBUbdJN;AA3i3hb&BBUasXoAAAZ3SN|BBUbdJN;AABGZJn&BBUasXoBBJdoAY|BBUbdJN;AABbD1C&BBUasXoBBEKb2q|BBUbdJN;AAyeTVF&BBUasXoBBV894B
user_675	BBUbdJN;BBKvmih&BBUasXoAAvKr4V|BBUbdJN;BBMe8DV&BBUasXoAAARL6T|BBUbdJN;AABYiwg&BBUasXoBBLRPbG|BBUbdJN;BBGgFfH&BBUasXoAAwr9Xz|BBUbdJN;AArWO54&BBUasXoBBVPE58|BBUbdJN;BBJVL0J&BBUasXoBBLCOcI|BBUbdJN;AAyADo0&BBUasXoAA3gf2C
user_676	BBUbdJN;AAwfVUE&BBUasXoBBMzs4Z|BBUbdJN;AAxF8nT&BBUasXoBBIdY6V
user_677	BBUbdJN;AAAOIxS&BBUasXoBB100FCF|BBUbdJN;AAAQUuk&BBUasXoBBVYlgd|BBUbdJN;AAAtcpS&BBUasXoAAB8TGp|BBUbdJN;BBMCoHF&BBUasXoAAAZd20|BBUbdJN;AABDHTv&BBUasXoBBL2uNw|BBUbdJN;BB100N6g&BBUasXoAAAZi8t
user_678	BBUbdJN;BBVHk6z&BBUasXoAAxl48x|BBUbdJN;AA5bCkb&BBUasXoAAAgGcl|BBUbdJN;BBVPE58&BBUasXoAAxN4SL|BBUbdJN;BBNXlUe&BBUasXoBBVSq8f|BBUbdJN;BBUjjnP&BBUasXoBBVQVOk|BBUbdJN;BBMA2Cr&BBUasXoAAyADnw|BBUbdJN;BBMiarN&BBUasXoBBMEtDi|BBUbdJN;BBMwCS8&BBUasXoBBLzxW3
user_679	BBUbdJN;AAyiDLG&BBUasXoAAAOBDP|BBUbdJN;BBLIXmS&BBUasXoAAAsIkq|BBUbdJN;BBKyR1L&BBUasXoBBLT5vU
user_680	BBUbdJN;BBMiarN&BBUasXoAAwEGzs|BBUbdJN;AAAZfdV&BBUasXoBBLF0Gc|BBUbdJN;BBLF0Gc&BBUasXoBBV1dH0|BBUbdJN;AAANign&BBUasXoAAAgDqT|BBUbdJN;AAAtcpS&BBUasXoAA3gfvH
user_681	BBUbdJN;BBVPV4Z&BBUasXoAAAMfsk|BBUbdJN;AAuGRQP&BBUasXoAAyAKUa|BBUbdJN;BBL6kTL&BBUasXoAAAgDqT|BBUbdJN;AAsevdg&BBUasXoBBIdY6V
user_682	BBUbdJN;BBVJL7v&BBUasXoBBHO6dr|BBUbdJN;AAAASQL&BBUasXoBBVXRjR|BBUbdJN;BBHwetM&BBUasXoAA9npVj|BBUbdJN;BBVR0K0&BBUasXoAAATqB7|BBUbdJN;AAyiDLG&BBUasXoAAAZkwq|BBUbdJN;BBVjtjw&BBUasXoBBVZkn0|BBUbdJN;BBVNFvj&BBUasXoAAxOeQ4|BBUbdJN;AAxF8nT&BBUasXoAAvfxhN|BBUbdJN;BBMhA5P&BBUasXoBBLIXmS
user_683	BBUbdJN;BBNkt7C&BBUasXoBBLZ3n0|BBUbdJN;BBN7eiN&BBUasXoAAyADnw
user_684	BBUbdJN;BBNwUmh&BBUasXoBBUg9Do|BBUbdJN;BBMzs4Z&BBUasXoBBDmzK7
user_685	BBUbdJN;AABQlEh&BBUasXoBBVYlgd|BBUbdJN;BBF3RTF&BBUasXoAAALMuJ|BBUbdJN;BBLsyWp&BBUasXoAAw0UUH|BBUbdJN;AA3i3hb&BBUasXoAAAgDqT|BBUbdJN;AAuP7ue&BBUasXoBBLrAmc|BBUbdJN;AAyy9gw&BBUasXoBB100Bx9
user_686	BBUbdJN;BBIdbe0&BBUasXoAAvNkM0|BBUbdJN;AAxDzxu&BBUasXoAAtVp0r|BBUbdJN;AAAREgH&BBUasXoAAvrWds
user_687	BBUbdJN;BBEJYF3&BBUasXoBBVM55R|BBUbdJN;BBLjMHu&BBUasXoBBL6QWY|BBUbdJN;AAx8xEK&BBUasXoAA4VInT|BBUbdJN;AABYiwg&BBUasXoAAADQlB|BBUbdJN;BBKRX2H&BBUasXoAAzRkaY|BBUbdJN;BBUxQNx&BBUasXoBBVPV4Z|BBUbdJN;AA3gpLN&BBUasXoAAsesZq
user_688	BBUbdJN;AABG8UE&BBUasXoAABbD1C|BBUbdJN;AAxLVLO&BBUasXoAAzRkaY|BBUbdJN;BBV1ppM&BBUasXoBBDWniw|BBUbdJN;BBLAgxA&BBUasXoAAARGsX|BBUbdJN;BBDWniw&BBUasXoAAylz6W|BBUbdJN;BBNT7UF&BBUasXoBBNTrPF|BBUbdJN;AAyiDLG&BBUasXoBBGvfOS|BBUbdJN;BBLSQ3o&BBUasXoBBLzxW3|BBUbdJN;BBGgysX&BBUasXoBBV894B
user_689	BBUbdJN;AA3bhGW&BBUasXoBBUvu4V
user_690	BBUbdJN;BBNhGI1&BBUasXoBBKyR1L|BBUbdJN;AAv1HhQ&BBUasXoBBVEVeo|BBUbdJN;BBVM55R&BBUasXoBBLIXmS|BBUbdJN;AAyN37H&BBUasXoBBMB5u5|BBUbdJN;AAAWOYZ&BBUasXoBBUoXbO|BBUbdJN;AAATRJv&BBUasXoBBHwnKx|BBUbdJN;BBNYnWJ&BBUasXoAAyAABs|BBUbdJN;BBLEWTA&BBUasXoBBHO6dr|BBUbdJN;BBV4YU5&BBUasXoBB100YVl
user_691	BBUbdJN;AAARCpt&BBUasXoBBLLcb7|BBUbdJN;AAyADni&BBUasXoBBVSjds|BBUbdJN;BBL9Ih9&BBUasXoBBNS2z7|BBUbdJN;AAyAABs&BBUasXoAAB2j3e|BBUbdJN;BBIwOYv&BBUasXoAA2qznx
user_692	BBUbdJN;AAAW0DF&BBUasXoBBEWBXY|BBUbdJN;BBMFttU&BBUasXoBBMFPNi|BBUbdJN;AAyADnw&BBUasXoAAyeTVF|BBUbdJN;BBFncaK&BBUasXoBBLzxW3|BBUbdJN;AAyAS4w&BBUasXoAAAZ5xA|BBUbdJN;AAATGy9&BBUasXoBBDv9IT|BBUbdJN;BBJdoAY&BBUasXoAAAF8Ww
user_693	BBUbdJN;BBV894B&BBUasXoBBMygGa|BBUbdJN;BBLiEQ4&BBUasXoBBFXt5V|BBUbdJN;BBVctFt&BBUasXoAAApGWa|BBUbdJN;BBNca9o&BBUasXoBBLD170|BBUbdJN;BBJVL0J&BBUasXoAABQDiu|BBUbdJN;BBLsyWp&BBUasXoBBL5ktS|BBUbdJN;AAtnEW6&BBUasXoAAxF8nT
user_694	BBUbdJN;BBJ3fVO&BBUasXoBBMA2Cr|BBUbdJN;AAwyZza&BBUasXoAA5bCkb|BBUbdJN;BBIdY6V&BBUasXoAAyiDLG
user_695	BBUbdJN;AAwTTtM&BBUasXoBBNTrPF|BBUbdJN;AAB5RFI&BBUasXoAAARviJ|BBUbdJN;BBVjtjw&BBUasXoAAsQvKB|BBUbdJN;BBUrbKT&BBUasXoAAA2FeL|BBUbdJN;BBV4fjE&BBUasXoBBVXyzp|BBUbdJN;BBMzs4Z&BBUasXoBBVctFt|BBUbdJN;AAARJJ2&BBUasXoBBV4elZ|BBUbdJN;AAB2iuR&BBUasXoAAAW0DF|BBUbdJN;AAv4n0c&BBUasXoBBFpq8n
user_696	BBUbdJN;BBUbdJN&BBUasXoAAvfxhN|BBUbdJN;BBV3BKC&BBUasXoBBJiVaa|BBUbdJN;AAvfxhN&BBUasXoAAAMySP|BBUbdJN;AA3i3hb&BBUasXoAAAOrHc|BBUbdJN;BBMHokT&BBUasXoBBLkwJA|BBUbdJN;BBUtASG&BBUasXoBBGim3y
user_697	BBUbdJN;BBOTCVl&BBUasXoAA2guvq|BBUbdJN;BBOsyuJ&BBUasXoBBNcqER|BBUbdJN;AA2ISfW&BBUasXoAAAOIxS|BBUbdJN;BBJdoAY&BBUasXoBBMFPNi
user_698	BBUbdJN;BBGim3y&BBUasXoBBV1ppM|BBUbdJN;BB100N6g&BBUasXoBBV6cLI|BBUbdJN;AAAM6Jx&BBUasXoAAx8xEK|BBUbdJN;BBIaCq5&BBUasXoBBF3RTF|BBUbdJN;AAvfxhN&BBUasXoBBJdoAY|BBUbdJN;BBUYaFK&BBUasXoAAAeUHj|BBUbdJN;BBDWniw&BBUasXoBBVEVeo|BBUbdJN;BBNT7UF&BBUasXoAAB8Llw
user_699	BBUbdJN;AAAZd20&BBUasXoAAw0UUH|BBUbdJN;AAxZgFU&BBUasXoBB100IjZ|BBUbdJN;BBLkc0L&BBUasXoBBUxor2|BBUbdJN;AAAOIxS&BBUasXoBBIzno8|BBUbdJN;AAARaTv&BBUasXoAAAZkwq
